Brand,Name,Estate,District,Elevation MASL,Source Classification,Varietals,Fermentation,Process,Roast,Flavour Profile,Notes,Price/100 gms,Link,Sample Pack
729 Grams Coffee,Amrut Whiskey,,"Chikkamagaluru, Karnataka",950-1050,Blend,,,Natural + Aged,Medium,Black Currant • Whiskey,Green beans are aged in Amrut whiskry barrels,₹488.00,LINK,No
729 Grams Coffee,Orchardale Naturals,Orchardale,"Salem, Tamilnadu",1520,Blend - Microlot,"SLN - 9, SLN - 795",,Natural,Light,Caramel • Mango • Plum • Raspberry,SCA 88,₹477.00,LINK,No
729 Grams Coffee,Rose Culture Process,,"Chikkamagaluru, Karnataka",1300,Blend,,Anaerobic Inoculation,Natural,Light Medium,Citrus • Floral • Red Fruits,Rose derived culture is used for inoculation,₹445.00,LINK,No
729 Grams Coffee,House Blend,,"Salem, Tamilnadu",1400-1524,Blend,,Anaerobic,Natural,Medium,Caco Nibs • Mangosteen • Passion Fruit • Rose,,₹335.00,LINK,No
729 Grams Coffee,Dark Side,,"Chikkamagaluru, Karnataka",910-1150,Blend,,,Natural,Dark,Cocoa • Dark Chocolate,,₹322.00,LINK,No
Agastya Coffee,Excelsa (Coffea Liberica),,"Kodagu, Karnataka",1000,Single Estate,Excelsa aka Liberica,,Natural,Medium,Jackfruit • Mango,,₹285.00,LINK,Yes
Agastya Coffee,Kent Microlot,Kogilahalla,"Kodagu, Karnataka",1000,Microlot,Kent,,Natural,Medium,Orange Candy • Strawberries,From the few estates in India that grow the Kent Vareital that is linked to beans brought to India by Baba Budan Giri,₹270.00,LINK,Yes
Agastya Coffee,Mysore Nuggets Extra Bold,,"Kodagu, Karnataka",1100,Single Estate,SLN - 795,,Washed,Medium Dark,Caramel • Chocolate,The beans are graded and 100% are above 6.5 mm and 90% is above 7.5mm,₹270.00,LINK,Yes
Agastya Coffee,Peaberry Washed,,"Kodagu, Karnataka",1000,Single Estate,Arabica Peaberry,,Washed,Medium Dark,Caramel • Citrus • Milk Chocolate,,₹260.00,LINK,Yes
Agastya Coffee,Palace Field Estate,Palace Field Estate,"Kodagu, Karnataka",1000,Single Estate,Chandragiri SLN - 13,,Washed,Medium,Chocolate • Tamarind,,₹240.00,LINK,Yes
Agastya Coffee,Kogilahalla Estate,Kogilahalla,"Kodagu, Karnataka",1000-1400,Single Estate,SLN - 795,,Washed,Medium,Citrus • Tea Rose,,₹240.00,LINK,Yes
Agastya Coffee,Sandalkad Estate,Sandalkad,"Kodagu, Karnataka",1170,Single Estate,,,Washed,Medium,Caramel • Mixed Berries • Plum,,₹240.00,LINK,Yes
Agastya Coffee,Modur Estate,Modur,"Kodagu, Karnataka",1000,Single Estate,Sarchimor,,Washed,Medium Dark,Cane Sugar • Dark Chocolate • Mandarin,,₹240.00,LINK,Yes
Agastya Coffee,Espresso Blend,,"Kodagu, Karnataka",1000,Blend,80% Arabica + 20% Robusta,,Washed,Dark,Caramel • Dark Chocolate,,₹225.00,LINK,Yes
Ainmane,Anaerobic Liberica,,"Kodagu, Karnataka",800-850,Single Estate,Excelsa aka Liberica,Anaerobic,Natural,Light,Jackfruit • Plum • Star Anise,,₹240.00,LINK,No
Ainmane,Hardoor,Hadoor,"Kodagu, Karnataka",1050,Single Estate,,,,Light,Coriander • Lime Zest,,₹238.00,LINK,No
Ainmane,Monsooned Malabar,,"Kodagu, Karnataka",,Single Estate,,,Washed + Monsooned,Light,Earthy • Spice • Woody,,₹236.00,LINK,No
Ainmane,Baarbara Estate,Baarbara Estate,"Chikkamagaluru, Karnataka",1400,Single Estate,SLN - 795,,Washed,Medium,Caramel • Grapefruit • Lime Zest,,₹232.00,LINK,No
Ainmane,Café Blend,,"Chikkamagaluru, Kodagu, Karnataka",,Blend,Arabica + Robusta,,,Medium,Caramel • Fruity,,₹228.00,LINK,No
Ainmane,Honey Processed,,"Kodagu, Karnataka",1080,Microlot,,,Honey,Light,Floral • Lemon Zest,,₹207.00,LINK,No
Ainmane,Anaerobic Naturals,,"Kodagu, Karnataka",1080,Microlot,,Anaerobic,Natural,Light,Berries • Black Grapes • Candy,,₹207.00,LINK,No
Ainmane,Arabica Naturals,,"Kodagu, Karnataka",1080,Microlot,,,Natural,Light,Black Pepper • Chocolate • Orange,,₹207.00,LINK,No
Ainmane,Excelsa (Coffea Liberica),,"Kodagu, Karnataka",1080,Microlot,,,Washed,Light Medium,Berries • Raisins • Roasted Almond,,₹207.00,LINK,No
Ainmane,Kudlur,Kudlur Estate,"Kodagu, Karnataka",700,Single Estate,SLN - 795,,,Medium,Fruity,,₹200.00,LINK,No
Ainmane,Skandapuri,Skandapuri-Magarat Estate,"Kodagu, Karnataka",975,Single Estate,,,,Medium,Citrusy • Sweet,,₹200.00,LINK,No
Ainmane,Kabbe Estate,Kabbe,"Kodagu, Karnataka",1250,Single Estate,,,,Medium,Black Pepper • Fruity • Orange,,₹200.00,LINK,No
Alchemist Coffee Company,Air (Percolation Blend),,,,Blend,,,Honey + Natural + Washed,Medium,Fruity • Tea,,₹258.00,LINK,No
Alchemist Coffee Company,Mooley Manay Naturals,Mooley Manay Estate,"Kodagu, Karnataka",1000,Blend,"Chandragiri SLN - 13, SLN - 9, SLN - 795",,,Medium,Cherry • Lime • Ripe Papaya,,₹258.00,LINK,No
Alchemist Coffee Company,Primus Victus,,,,Blend,,,,Medium Dark,,,₹256.00,LINK,No
Alchemist Coffee Company,Kalledevarapura Washed,Kalledevarapura Estate,"Chikkamagaluru, Karnataka",1300,Single Estate,SLN - 795,,Washed,Medium,Almonds • Milk Chocolate • Nuts,,₹248.00,LINK,No
Alchemist Coffee Company,Balanoor Washed,Balanoor Estate,"Kodagu, Karnataka",1400,,,,Washed,Medium,Berry • Lemon • Light Spice,,₹248.00,LINK,No
Alchemist Coffee Company,Kalledevarapura Honey,Kalledevarapura Estate,"Chikkamagaluru, Karnataka",1300,,SLN - 795,,Honey,Medium,Herbal Tea • Malt • Stone Fruit,,₹246.00,LINK,No
Alchemist Coffee Company,Earth(Immersion Blend),,,,Blend,,,Honey + Natural + Washed,Medium,Chocolate,,₹246.00,LINK,No
Alchemist Coffee Company,Balanoor Espresso,Balanoor Estate,"Kodagu, Karnataka",1400,Single Estate,BBTC,,,Medium,Berry • Lemon • Light Spice,,₹240.00,LINK,No
Alchemist Coffee Company,Kalledevarapura Espresso,Kalledevarapura Estate,"Chikkamagaluru, Karnataka",1300,,SLN - 795,,Washed,Medium Dark,Chocolate • Nutty,,₹240.00,LINK,No
Alchemist Coffee Company,Rasasastra Arabica,,,,Single Estate,,,,Medium Dark,,,₹218.00,LINK,No
Alchemist Coffee Company,Fire(Vienna Roast),Kalledevarapura Estate,"Chikkamagaluru, Karnataka",1300,Blend,SLN - 795,,Washed,Vienna Roast,,,₹218.00,LINK,No
Alchemist Coffee Company,Rasasastra Espresso,,,,Blend,70% Arabica + 30% Robusta,,,Medium Dark,,,₹198.00,LINK,No
Alchemist Coffee Company,Koraput Naturals,SM Plantation,"Koraput, Odisha",980,Single Estate,Chandragiri SLN - 13,,Natural,Medium,Nuts • Prunes • Raisin • Red Apple,,₹106.00,LINK,No
Alchemist Coffee Company,Koraput Washed,Maa Mangala Plantation,"Koraput, Odisha",1000,Blend,"Chandragiri SLN - 13, SLN - 9",,Washed,Medium,Nuts • Raisin • Salted Caramel • Toffee,,₹100.00,LINK,No
Araku,Anniversary Edit,Araku,"Alluri Sitharama Raju, Andhra Pradesh",1083,Blend,,,Natural + Washed,Light,Honey • Red Apple • Watermelon,"Sourced from Gondi Rapa, Gondivalasa and Doravalasa, this blend brings together one natural and two washed coffees, grown at elevations between 3,691 and 3,967 ft. Cultivated under silver oak and native forest shade, each plot follows regenerative farming practices that preserve both biodiversity and flavour integrity.",₹780.00,LINK,No
Araku,Summer Edit,Araku,"Alluri Sitharama Raju, Andhra Pradesh",1170,Microlot,,,Natural,Medium,Cashew • Chocolate Muffin • Mandarin • Red Apple,"On the steep, rocky slopes of Degu Gasarapalli in Hukumpeta, Oranaini Apparao cultivates coffee at 1,170 metres, where elevation, soil and shade come together to shape a slower, more deliberate harvest. Under a canopy of silver oak trees, the cherries ripen gradually, allowing sugars to develop with care — resulting in a coffee that carries both structure and clarity.",₹432.00,LINK,No
Araku,Grand Reserve,Araku,"Alluri Sitharama Raju, Andhra Pradesh",1120,Blend,,,Natural + Washed,Medium,Citrus • Dates • Floral • Tropical Fruits,Blend of arabica processed in two ways,₹356.00,LINK,Yes
Araku,Micro Climate,Araku,"Alluri Sitharama Raju, Andhra Pradesh",850,Microlot,,,Natural,Medium,Dried Berry • Grapes • Honey • Olives,The coffee grows on river island of Baankubedda,₹252.00,LINK,Yes
Araku,Selection,Araku,"Alluri Sitharama Raju, Andhra Pradesh",1120,Blend,,,Honey + Natural + Washed,Medium Dark,Caramel • Dark Chocolate • Honey • Sugarcane,Blend of arabica processed in three ways,₹236.00,LINK,Yes
Araku,Signature,Araku,"Alluri Sitharama Raju, Andhra Pradesh",1120,Blend,,,Natural + Washed,Medium,Cherry • Chocolate • Green Pepper,Blend of arabica processed in two ways,₹216.00,LINK,Yes
Badra Coffee,Sovereign Grand Reserve,Bettadakhan Estate,"Chikkamagaluru, Karnataka",1100-1430,Microlot,Arabica,Cofermentation,Natural,Medium,Caramel • Honeyed Sapota • Mandarin Zest • Peach,"This rare microlot undergoes anaerobic fermentation with papaya and sapota for four days, followed by twenty-one days of slow shade drying that enhances its natural fruit complexity and sweetness.",₹420.00,LINK,No
Badra Coffee,Liberica Highland Reserve,Balehonnur Estate,"Chikkamagaluru, Karnataka",790-940,Microlot,Excelsa aka Liberica,Anaerobic,Natural,Medium,Black Cherry • Orange Blossom • Toffee • Tropical Fruits,"The cherries undergo a 5-day anaerobic fermentation in sealed barrels to build depth and complexity, followed by a slow 25-day drying period on raised beds under shade to preserve sweetness and balance.",₹400.00,LINK,No
Badra Coffee,Kanfora Prestige Reserve,Balehonnur Estate,"Chikkamagaluru, Karnataka",790-940,Microlot,Robusta,Anaerobic Inoculation,Natural,Medium,Brown Sugar • Chocolate • Passion Fruit • Toasted Nuts,"This premium microlot undergoes a precise four-day fermentation followed by twenty-one days of slow, controlled drying that amplifies its natural sweetness.",₹360.00,LINK,No
Badra Coffee,Temple Mountain,Bettadakhan Estate,"Chikkamagaluru, Karnataka",1100-1430,Single Estate,Arabica,,Natural,Medium,Caramel • Cinnamon • Vanilla,,₹272.00,LINK,Yes
Badra Coffee,Misty Heights,Kerkeicoondah Estate,"Chikkamagaluru, Karnataka",900-1140,Single Estate,Arabica + Robusta,,,Medium,Apricot • Honey • Orange • Vanilla,,₹234.00,LINK,Yes
Badra Coffee,Mocha Magic,"Balehonnur, Bettadakhan, Kerkeicoondah","Chikkamagaluru, Karnataka",790-1430,Blend,,,,Medium Dark,Dark Chocolate • Praline • Roasted Nuts • Tangerine,,₹228.00,LINK,Yes
Badra Coffee,Kaapi Nirvana,"Balehonnur, Bettadakhan, Kerkeicoondah","Chikkamagaluru, Karnataka",790-1430,Blend,Arabica + Robusta,,,Medium Dark,Almond • Honey • Plum • Vanilla,,₹172.00,LINK,Yes
Bili Hu,Rum Barrel Aged,,"Chikkamagaluru, Karnataka",,Microlot,Arabica,,Washed + Aged,Medium,Apple Crumble • Soaked Raisins • Vanilla,,₹720.00,LINK,No
Bili Hu,Whiskey Barrel Aged Coffee,,"Chikkamagaluru, Karnataka",,Microlot,Arabica,,Washed + Aged,Medium,Green Apple • Irish Cream • Single Malt,,₹720.00,LINK,Yes
Bili Hu,Lot 19 Kalledevarapura Estate,Kalledevarapura Estate,"Chikkamagaluru, Karnataka",1300,Microlot,SLN - 795,Anaerobic,Natural,Medium,Dark Chocolate • Maple Syrup • Roasted Nuts,,₹360.00,LINK,No
Bili Hu,Balur Estate,Balur Estate,"Chikkamagaluru, Karnataka",,Single Estate,Arabica,,Honey,Dark,Almonds • Dark Chocolate,,₹340.00,LINK,No
Bili Hu,100% Arabica,,"Chikkamagaluru, Karnataka",,Blend,Arabica,,Washed,Dark,Cherry • Cocoa,,₹300.00,LINK,Yes
Bili Hu,Monsooned Malabar,,"Chikkamagaluru, Karnataka",,Microlot,,,Natural + Monsooned,Light Medium,Jaggery • Nuts,,₹300.00,LINK,Yes
Bili Hu,Balur Estate,Balur Estate,"Chikkamagaluru, Karnataka",,Single Estate,Arabica,,Honey,Medium,Black Grapes • Sweet Berries,,₹300.00,LINK,No
Bili Hu,Gunibyle Estate San Ramon,Gunibyle Estate,"Chikkamagaluru, Karnataka",,Microlot,Arabica,,Natural,Medium,Dark Chocolate • Molasses • Pomogranate,,₹300.00,LINK,No
Bili Hu,Gunibyle Estate,Gunibyle Estate,"Chikkamagaluru, Karnataka",,Single Estate,Arabica,,Natural,Medium,Chocolate • Plum Wine,,₹300.00,LINK,No
Bili Hu,Aghora Estate,Aghora Estate,"Chikkamagaluru, Karnataka",1100,Single Estate,Arabica,,Washed,Medium,Roasted Nuts • Sweet Lime,,₹300.00,LINK,No
Bili Hu,Kalledevarapura Estate,Kalledevarapura Estate,"Chikkamagaluru, Karnataka",1300,Single Estate,Arabica,,Washed,Medium,Milk Chocolate • Sweet Citrus,,₹300.00,LINK,No
Bili Hu,Mysore Nuggets Extra Bold,,"Chikkamagaluru, Karnataka",1100,Microlot,SLN - 795,,Washed,Medium,Milk Chocolate • Spices,,₹300.00,LINK,No
Bili Hu,70 30 Arabica Robusta,"Balur, Kalledevarapura Estate","Chikkamagaluru, Karnataka",1300,Blend,70% Arabica + 30% Robusta,,Washed,Medium,Almonds • Dark Chocolate,,₹260.00,LINK,No
Bili Hu,80 20 Arabica Robusta,"Balur, Kalledevarapura Estate","Chikkamagaluru, Karnataka",1300,Blend,80% Arabica + 20% Robusta,,Washed,Medium,Almonds • Dark Chocolate,,₹260.00,LINK,No
Bili Hu,100% Arabica,,"Chikkamagaluru, Karnataka",,Blend,Arabica,,Washed,Medium,Date • Jaggery • Nuts,Blend of Arabica from 2 plantations,₹260.00,LINK,Yes
Bili Hu,Balur Estate,Balur Estate,"Chikkamagaluru, Karnataka",,Single Estate,Robusta,,Washed,Medium,Caramel Popcorn • Sweet Berries,,₹260.00,LINK,No
Black Baza Coffee,Kombucha Honey|BR Hills,,"Chamrajanagar, Karnataka",1200,Microlot,Chandragiri SLN - 13,Cofermentation,Honey,Light Medium,Almond • Honey • Nutmeg,After pulping the seeds are fermented in kombucha for 96 hours,₹288.00,LINK,No
Black Baza Coffee,Potter-Wasp|BR Hills,,"Chamrajanagar, Karnataka",1200,Single Estate,SLN - 9,,Honey,Light Medium,Dried Berries • Jaggery,,₹252.00,LINK,No
Black Baza Coffee,Frogmouth|Nilgiris,,"Nilgiris, Tamilnadu",1400,Single Estate,Chandragiri SLN - 13,,Washed,Medium,Amla • Guava • Walnuts,,₹244.00,LINK,No
Black Baza Coffee,Kaati|Palani Hills,,"Dindigul, Tamilnadu",1200,Blend,"Chandragiri SLN - 13, Sarchimor, SLN - 9",,Washed,Medium Dark,Burnt Caramel • Cocoa • Toasted Nuts,,₹244.00,LINK,No
Black Baza Coffee,Jumping Ant|BR Hills,,"Chamrajanagar, Karnataka",1200,Single Estate,SLN - 9,,Washed,Light,Honey • Nutty • Sweet Citrus,,₹240.00,LINK,Yes
Black Baza Coffee,Galaxy Frog | BR Hills|Nilgiris,,"Chamrajanagar, Karnataka | Nilgiris, Tamilnadu",1100|1400,Blend,SLN - 9,,Honey + Washed,Medium,Green Grapes • Lemon Zest • Molasses,The Galaxy Frog is a vibrant blend of Washed Arabicas (including Peaberries) and semi-washed Honeys,₹240.00,LINK,Yes
Black Baza Coffee,Wanderoo|BR Hills,,"Chamrajanagar, Karnataka",1100,Single Estate,Chandragiri SLN - 13,,Washed,Medium,Brown Sugar • Dark Chocolate,,₹240.00,LINK,Yes
Black Baza Coffee,Loris|BR Hills,,"Chamrajanagar, Karnataka",1200,Single Estate,SLN - 9,,Washed,Dark,Burnt Caramel • Dark Chocolate,,₹232.00,LINK,No
Black Baza Coffee,Tiger Beetle|BR Hills,,"Chamrajanagar, Karnataka",1200,Single Estate,SLN - 9 Peaberry,,Washed,Medium,Cherry Jam • Fruit and Nuts • Milk Chocolate,,₹232.00,LINK,No
Black Baza Coffee,Ottis|BR Hills|Wayanad,,"Chamrajanagar, Karnataka | Wayanad, Kerala",1100|700,Blend,"Kent, SLN - 9",,Natural + Washed,Medium Dark,Baker's Chocolate • Caramel • Dried Berries,80/20 Blend of Arabica and Robusta,₹232.00,LINK,No
Black Baza Coffee,Ficus|BR Hills|Wayanad,,"Chamrajanagar, Karnataka | Wayanad, Kerala",1100|700,Blend,"Kent, SLN - 9",,Natural + Washed,Medium Dark,Cacao Bitters • Dried Cranberries • Roast Almond,"Grown under the shade of ficus tree, this is a 70/30 blend of Arabica and Robusta",₹232.00,LINK,Yes
Black Baza Coffee,Chukki|BR Hills,,"Chamrajanagar, Karnataka",1200,Single Estate,SLN - 9,,Washed,Vienna Roast,Dark Chocolate • Hazelnut • Jaggery,,₹232.00,LINK,Yes
Bloom Coffee Roasters,Kolli Berry Estate - Naturals - Chikmagalur - Light Roast,Kolibyle Estate,"Chikkamagaluru, Karnataka",1150,Single Estate,SLN - 795,Anaerobic,Natural,Light,Raspberry • Stone Fruit • White Chocolate,"Ripe cherries were picked and meticulously sorted, then fermented anaerobically for 96 hours before being dried on raised beds for 28 days",₹390.00,LINK,No
Bloom Coffee Roasters,Salawara estate Naturals,Salawara Estate,"Hassan, Karnataka",1150,Single Estate,Chandragiri SLN - 13,Anaerobic Inoculation,Natural,Light,Citrus Fruits • Cocoa • Pineapple,"For this Naturals, Chandragiri cherries were picked ripe, cleaned, give a float test and were put in the bio-reactor to ferment for 36 hours. The cherries were inoculated with yeast during the fermentation. They were then dried over 26 day",₹350.00,LINK,No
Bloom Coffee Roasters,Udaigiri Estate - Naturals - Chikmagalur - Light Roast,Udaigiri Estate,"Chikkamagaluru, Karnataka",1150,Single Estate,SLN - 9,Osmotic,Natural,Light,Candied Nuts • Milk Chocolate • Mulberries,,₹340.00,LINK,No
Bloom Coffee Roasters,Salawara estate - Anaerobic Yellow Honey,Salawara Estate,"Hassan, Karnataka",1150,Single Estate,SLN - 795,Anaerobic,Honey,Light Medium,Hazelnut • Milk Chocolate • Tropical Fruits,,₹340.00,LINK,No
Bloom Coffee Roasters,Venkids Valley Estate - The Red Honey,Venkids Valley Estate,"Kodagu, Karnataka",1000,Single Estate,Catuai,,Honey,Light,Butterscotch • Mango,,₹320.00,LINK,Yes
Bloom Coffee Roasters,Salawara estate - Red Honey,Salawara Estate,"Hassan, Karnataka",1150,Single Estate,SLN - 795,Anaerobic,Honey,Light,Amla • Jaggery • Kinnow,"The Cherries were pulped Lightly, leaving a lot of the mucilage and were then fermented Anaerobically for 72 hours before they were slow dried for 22 days.",₹300.00,LINK,Yes
Bloom Coffee Roasters,Kelachandra estate - Naturals,Kelachandra Estate,"Chikkamagaluru, Kodagu, Karnataka",1150,Single Estate,Chandragiri SLN - 13,Anaerobic,Natural,Light,Cacao • Stone Fruit,,₹300.00,LINK,No
Bloom Coffee Roasters,Hoysala Estate - Naturals,Hoysala Estate,"Chikkamagaluru, Karnataka",1050,Single Estate,Sarchimor,,Natural,Light,Dark Chocolate • Dried Apricots • Orange Marmalade,,₹300.00,LINK,Yes
Bloom Coffee Roasters,Salawara estate - Yeast Washed,Salawara Estate,"Hassan, Karnataka",1150,Single Estate,Chandragiri SLN - 13,Anaerobic Inoculation,Washed,Light,Butterscotch • Peach • White Chocolate,"This washed process went through an Anaerobic yeast Fermentation before pulping, and then the coffee was washed thoroughly to remove the mucilage.",₹300.00,LINK,No
Bloom Coffee Roasters,Anai Kadu - Naturals,Anai Kadu Estate,"Kodagu, Karnataka",1000,Single Estate,"Catimor Arabica, SLN - 795",,Natural,Light,Baker's Chocolate • Plum • Orange,"24 hour in fruit Aerobic Fermentation, slow dried for 28 days",₹280.00,LINK,Yes
Bloom Coffee Roasters,Meera,"Hoysala, Venkids Valley Estate","Chikkamagaluru, Kodagu, Karnataka",1000-1050,Blend,"Chandragiri SLN - 13, SLN - 9",,Natural + Washed,Light Medium,Bakers Chocolate • Berries • Caramel • Vanilla,"Meera features two incredible coffees, our staple washed arabica from Coorg’s favourite plantation, the Venkids Valley Estate, and a stunning “Natural Naturals“ from the Krishnagiri Estate, located in some of the highest elevations of Chikmagalur. What do we get when we blend a clean bright washed and a super sweet, jammy Natural Naturals? A yummy, sweet, super complex, rich espresso, which holds its own in milk beverages as well!",₹280.00,LINK,Yes
Bloom Coffee Roasters,Harley Estate - Vienna Roast,Harley Estate,"Hassan, Karnataka",1130,Single Estate,SLN - 9,,Natural,Vienna Roast,Blackberry Jam • Cacao • Caramel,,₹280.00,LINK,No
Bloom Coffee Roasters,Hoysala Estate - Washed,Hoysala Estate,"Chikkamagaluru, Karnataka",1050,Single Estate,Sarchimor,,Washed,Light,Orange • Stone Fruit,,₹270.00,LINK,Yes
Bloom Coffee Roasters,,,,,Blend,,,,Medium,Cherries • Citrus Fruits • Nuts,The beans of the highest brix are identified (colour coded bands are given to workers at the estate to pick the cherries). They are sorted for defects twice before using the penagos washer + pulper. Floats are removed and the coffee beans with little bit of mucilage are dried on raised beds. They are exposed to the morning sun for the first two days and then completely dried in shade for a period of 20-25 days.,₹270.00,LINK,Yes
Bloom Coffee Roasters,Balanoor Plantations - Kent,Balanoor Estate,"Kodagu, Karnataka",1400,Single Estate,Kent,,Washed,Medium,Chocolate • Citrus Fruits • Plum,,₹270.00,LINK,Yes
Bloom Coffee Roasters,Salawara estate -Washed,Salawara Estate,"Hassan, Karnataka",1150,Single Estate,,,Washed,Dark,Caramel • Milk Chocolate,,₹260.00,LINK,Yes
Bloom Coffee Roasters,Papakuchi Coffee,Venkids Valley Estate,"Kodagu, Karnataka",1000,Single Estate,SLN - 6,,Washed,Light,Malt • Pomogranate • Red Apple,,₹260.00,LINK,Yes
Bloom Coffee Roasters,Venkids Valley Estate (Washed),Venkids Valley Estate,"Kodagu, Karnataka",1000,Single Estate,SLN - 6,,Washed,Medium,Caramel • Chocolate • Orange Zest,,₹240.00,LINK,Yes
Bloom Coffee Roasters,Vin Van Gogh,"Venkids Valley Estate, Moganad Estate","Kodagu, Karnataka | Salem, Tamilnadu",1000-1300,Blend,"SLN - 5B, SLN - 6, SLN - 9",,Washed,Medium Dark,Almonds • Berries • Chocolate,,₹240.00,LINK,Yes
Bloom Coffee Roasters,Kid Dynamite,"Kottaram Estate, Salawara Estate","Wayanad, Kerala | Hassan, Karnataka",1000-1370,Blend,"Robusta CxR, SLN - 795",,Natural + Washed,Dark,Chocolate,"This blend features the lovely washed arabica from the Salawara Estate, and the natural processed robusta from the Kottaram Estate in Wayanad, Kerala.",₹220.00,LINK,No
Bloom Coffee Roasters,Satchmo,"Salawara Estate, Venkids Valley Estate","Hassan, Kodagu, Karnataka",1000-1050,Blend,"SLN - 6, SLN - 9",,Washed,Medium Dark,Chocolate • Citrus • Dark Caramel,,₹210.00,LINK,Yes
Bloom Coffee Roasters,Ro-Busta Rhymes,"Venkids Valley Estate, Moganad Estate","Kodagu, Karnataka | Salem, Tamilnadu",1000-1300,Blend,"Robusta CxR, SLN - 795",,Natural + Washed,Medium Dark,,"This blend features the lovely washed arabica from the Moganad Estate, and the natural processed robusta from the Venkids Valley Estate. Washed Arabica and Naturals Robusta",₹200.00,LINK,Yes
Bloom Coffee Roasters,Pulney Coffee,Laks Farms,"Dindigul, Tamilnadu",1500,,"Chandragiri SLN - 13, SLN - 9",,Washed,,,,,,
Blue Tokai Coffee,Kalledevarapura Estate,Kalledevarapura Estate,"Chikkamagaluru, Karnataka",1300,Single Estate,Chandragiri SLN - 13,Anaerobic Inoculation,Natural,Light,"Homegrown Kombucha - Plum • Raw Mango • Candy Apple • Goji Berries.
 
 Saccharomyces Cerevisiae - White Nectarine • Pomegranate • Roasted Hazelnut • Pomelo.
 
 Pichia Yeast - Cane Sugar • Green Apple • Jaggery • Roasted Almonds.
 
 Lactic Acid Bacteria - Orange Zest • Black Raisin • Wild Honey • Cocoa.
 
 An anaerobically processed natural, used to benchmark the inoculated lots - Lemonade • Roasted Almond • Green Grape.","Ripe coffee cherries were split into eleven barrels of 120 kg each, with inoculants gradually added to ten barrels while one was kept as a control. The barrels were sealed and left indoors for a 72-hour fermentation, with the kombucha batch opened after 24 hours to allow oxygen exposure, as the SCOBY (Symbiotic Culture of Bacteria and Yeast) requires it to remain active. Once fermentation was complete, the cherries were dried on raised beds for 20 to 25 days.",₹560.00,LINK,No
Blue Tokai Coffee,Warsanlyngdoh Coffee Collective|Nongrynang,Warsanlyngdoh Coffee Collective,"Khasi Hills, Meghalaya",800-1500,Blend,"Chandragiri SLN - 13, SLN - 9",,Natural,Medium,Black Tea • Blueberry • Khasi Mandarin,,₹300.00,LINK,No
Blue Tokai Coffee,Amruthavarshini Estate,Amruthavarshini Estate,"Chikkamagaluru, Karnataka",1000,Single Estate,SLN - 9,Anaerobic,Natural,Medium,Cherries • Pineapple • Roasted Almonds,,₹300.00,LINK,No
Blue Tokai Coffee,Krishnagiri Estate,Krishnagiri Estate,"Chikkamagaluru, Karnataka",1500,Single Estate,SLN - 795,,Washed,Dark,Malt • Oak • Toasted Walnuts,,₹280.00,LINK,No
Blue Tokai Coffee,Kolli Beri Estate,Kolli Beri Estate,"Chikkamagaluru, Karnataka",1032-1112,Single Estate,SLN - 795,,Washed,Medium Dark,Dark Chocolate • Molasses • Prune,,₹280.00,LINK,No
Blue Tokai Coffee,Ratnagiri Estate Estate Natural - Dark Room,Ratnagiri Estate,"Chikkamagaluru, Karnataka",1300,Single Estate,Catuai,Anaerobic Inoculation,Natural,Light,Black Tea • Mosambi • Passionfruit,"It was shaped by a 60-hour fermentation with a custom culture, then dried slowly for 13 days in the estate’s climate-controlled dark room.
 
 A rare facility found at only a handful of estates worldwide, the dark room is fully sealed and fitted with precision racks. It holds temperature between 2°C and 30°C and maintains humidity at 10%. Slow drying with this level of control deepens flavour, preserves sweetness, and brings clarity to the cup.
 
 Antony, our roaster, approached the roast with a carefully extended Maillard phase to build natural sweetness, finishing Light to let the coffee’s character shine.",₹240.00,LINK,No
Blue Tokai Coffee,Skia|Nelaji,,"Kodagu, Karnataka",990-1020,Microlot,Chandragiri SLN - 13,,Honey + Washed,Medium,Almonds • Berries • Brown Sugar • Prunes • Sweet Lime • Tangerine,"Two separate coffees sold as a pair, Ripe, high-density cherries were pulped with the mucilage left intact, then placed in sealed tanks for a 72-hour anaerobic fermentation. A yeast strain purpose-built for controlled fermentation was introduced during this stage to develop complexity. One lot is honey sun dried and the second lot is put through thermal shock, was immersed in hot water, then rapidly cooled in ice. It was then mechanically washed and dried slowly under shade.",₹240.00,LINK,No
Blue Tokai Coffee,Basankhan Estate,Basankhan Estate,"Chikkamagaluru, Karnataka",1450,Single Estate,,,Washed,Dark,Malt • Toffee,,₹224.00,LINK,Yes
Blue Tokai Coffee,Kalledevarapura Estate,Kalledevarapura Estate,"Chikkamagaluru, Karnataka",1300,Single Estate,SLN - 795,,Honey,Medium,Brown Sugar • Raisin • Roasted Almond,The picking of coffee cherries at Kalledevarapura is carried out across four rounds to ensure that the best cherries are picked.,₹224.00,LINK,Yes
Blue Tokai Coffee,Silver Oak Café Blend,,,,Blend,,,Natural + Washed,Medium,Grapes • Hazelnut • Honey,Blend from Karnataka and Tamil Nadu,₹224.00,LINK,Yes
Blue Tokai Coffee,St Joseph Estate|Palani Hills,St Joseph Estate,"Dindigul, Tamilnadu",1500,Single Estate,Chandragiri SLN - 13,,Washed,Medium Dark,Clove • Grapefruit • Toffee,,₹224.00,LINK,Yes
Blue Tokai Coffee,Baarbara Estate,Baarbara Estate,"Chikkamagaluru, Karnataka",1400,Single Estate,SLN - 795,,Washed,Medium Dark,Dark Chocolate • Molasses • Walnut,,₹224.00,LINK,Yes
Blue Tokai Coffee,Attikan Estate|BR Hills,Attikan Estate,"Chamrajanagar, Karnataka",1400,Single Estate,SLN - 9,,Washed,Medium Dark,Dark Chocolate • Figs • Roasted Almond,"During harvest season, three rounds of handpicking the ripe fruits take place.",₹224.00,LINK,Yes
Blue Tokai Coffee,Monsoon MalabarAA|Hoysala Estate,Hoysala Estate,"Chikkamagaluru, Karnataka",1000,Single Estate,SLN - 795,,Washed + Monsooned,Medium Dark,Cocoa Nibs • Nutty • Raisins,The green beans are monsooned when left to interact with monsoon winds,₹224.00,LINK,Yes
Blue Tokai Coffee,Dhak Blend,,"Chikkamagaluru, Karnataka",1000,Blend,"SLN - 9, SLN - 795",,Natural,Dark,Cocoa • Dark Chocolate • Fruit Jam,,₹208.00,LINK,Yes
Blue Tokai Coffee,Amaltas Blend|Nelliampathi|Servarayan Hills,,"Palakkad Kerala | Salem, Tamilnadu",1000-1400,Blend,SLN - 9,,Natural + Washed,Light,Blueberry • Fruity • Milk Chocolate,,₹208.00,LINK,Yes
Bombay Island Coffee Company,Mysore Nuggets Extra Bold,,,,,,,,Dark,Dark Chocolate • Nuts • Spice,,₹240.00,LINK,Yes
Bombay Island Coffee Company,Vienna Roast,,"Chikkamagaluru, Karnataka",1000,,,,Washed,Dark,Dark Chocolate,,₹240.00,LINK,Yes
Bombay Island Coffee Company,Thogarihunkal Estate,Thogarihunkal,"Chikkamagaluru, Karnataka",1150,Single Estate,Arabica,,Washed,Medium,Candy • Citrus,,₹240.00,LINK,Yes
Bombay Island Coffee Company,Bynemara Estate,Bynemara Estate,"Chikkamagaluru, Karnataka",1050,Single Estate,Arabica,,Washed,Medium Dark,Chocolate Nut • Toffee,,₹240.00,LINK,Yes
Bombay Island Coffee Company,Community Blend,,,,,,,,Dark,Dark Chocolate,,₹220.00,LINK,Yes
Bombay Island Coffee Company,Breakfast Blend,,"Chikkamagaluru, Karnataka",1000,,Arabica,,Natural,Medium,Caramel • Stone Fruits,,₹220.00,LINK,Yes
Bombay Island Coffee Company,Full City Roast,,,,,Arabica,,,Medium Dark,Gooseberry • Molasses • Roasted Hazelnuts,,₹220.00,LINK,Yes
Bombay Island Coffee Company,Espresso Blend,,,,,,,,Medium Dark,Caramel • Cocoa • Nut,,₹220.00,LINK,Yes
Boojee,Ratnagiri Estate Estate|Jasmine Kissed Cranberry,Ratnagiri Estate,"Chikkamagaluru, Karnataka",1356,Microlot,,Carbonic,Natural,Omni Roast,Cranberries • Malic Acid • Raspberries,"Carbonic Fermentation, Dried for 30 days",₹398.00,LINK,No
Boojee,Boojee Medium Dark Roast|Baarbara Estate,Baarbara Estate,"Chikkamagaluru, Karnataka",1060,Single Estate,,,,Medium Dark,Caramelised Nuts • Figs • Prunes,,₹358.00,LINK,Yes
Boojee,Boojee Vienna Roast|Baarbara Estate,Baarbara Estate,"Chikkamagaluru, Karnataka",1060,Single Estate,,,,Vienna Roast,Baker's Chocolate • Burnt Caramel • Roasted Almonds,,₹318.00,LINK,Yes
Broot,Jungle Jam,,"Chikkamagaluru, Karnataka",1000-1250,,SLN - 795,,Natural,Light,Date • Jackfruit • Raisin • Tropical Fruit,,₹500.00,LINK,No
Broot,Cultured 42,Kerehaklu Estate,"Chikkamagaluru, Karnataka",1200,Single Estate,SLN - 9,Anaerobic Inoculation,Washed,Light,Caramel • Citrus Peel • Green Apple • Lime Zest,"42 hours of controlled anoxic fermentation, guided through selective inoculation",₹460.00,LINK,No
Broot,Brute Force,,"Chikkamagaluru, Karnataka",,Blend,,,,Dark,Burnt Caramel • Hazelnut • Whiskey,,₹390.00,LINK,Yes
Broot,Ratnagiri Estate Natural Cut,Ratnagiri Estate,"Chikkamagaluru, Karnataka",1300,Single Estate,SLN - 9,,Natural,Medium,Berry • Red Fruits,,₹360.00,LINK,No
Broot,Ratnagiri Estate Washed Cut,Ratnagiri Estate,"Chikkamagaluru, Karnataka",1300,Single Estate,SLN - 9,,Washed,Medium,Citrus • Dark Chocolate,,₹360.00,LINK,No
Broot,Barbara's Bakery,Baarbara Estate,"Chikkamagaluru, Karnataka",1400,Single Estate,SLN - 795,,Washed,Medium Dark,Caramel • Cookie,,₹358.00,LINK,Yes
Broot,Golden Titan,,"Chikkamagaluru, Karnataka",,Blend,,,,Medium Dark,Caramel • Chocolate • Toffee,,₹356.00,LINK,Yes
Broot,Dark Honey,Unnaki Estate,"Chikkamagaluru, Karnataka",1130-1370,Single Estate,SLN - 795,,Honey,Light Medium,Berry • Honeyed Apricot • Stone Fruit,,₹350.00,LINK,Yes
Broot,House No. 02,,"Chikkamagaluru, Karnataka",,Blend,,,,Medium Dark,Chocolate • Cocoa,,₹332.00,LINK,No
Broot,Harbor Malabar,,"Chikkamagaluru, Karnataka",,,SLN - 795,,Monsooned,Medium Dark,Cocoa • Toasted Nuts,,₹300.00,LINK,Yes
Broot,Velvet Harmony,,"Chikkamagaluru, Karnataka",,Blend,85% Arabica + 15% Robusta,,Natural + Washed,Medium Dark,Brown Sugar • Cocoa • Nuts,,₹292.00,LINK,Yes
Broot,Pure Elegance,,"Chikkamagaluru, Karnataka",,,SLN - 795,,Washed,Medium Dark,Caramel,,₹292.00,LINK,Yes
Broot,Grindstone,,"Chikkamagaluru, Karnataka",,Blend,"Robusta SLN - 274, SLN - 9, SLN - 795",,Washed,Medium Dark,Dark Chocolate • Jaggery • Toasted Nuts,,₹220.00,LINK,No
Broot,Standard House,,,,Blend,,,,Custom,Caramel • Chocolate,,₹150.00,LINK,No
Caarabi,Rum Barrel Aged,Ratnagiri Estate,"Chikkamagaluru, Karnataka",1300,Single Estate,SLN - 795,Anaerobic,Aged,Light Medium,Caramel • Oak • Rum • Vanilla,The green coffee spends three months aging in premium rum barrels,₹875.00,LINK,No
Caarabi,Whiskey Barrel Aged,Ratnagiri Estate,"Chikkamagaluru, Karnataka",1300,Microlot,Cauvery,,Natural + Aged,Medium,Berry Compote • Caramel • Malt,Naturally processed beans are aged in emptied single malt whiskey barrels for 30 days,₹875.00,LINK,No
Caarabi,Ratnagiri Estate Estate Yeast Carbonic Naturals,Ratnagiri Estate,"Chikkamagaluru, Karnataka",1300,Microlot,Arabica,Carbonic Inoculation,Natural,Light,Lemon Peel • Mulberry • Nougat • Red Grapes,,₹675.00,LINK,No
Caarabi,YC Culture Naturals - Ratnagiri Estate Estate,Ratnagiri Estate,"Chikkamagaluru, Karnataka",1300,Microlot,,Anaerobic Inoculation,Natural,Light,Banana • Cascara • Jasmine,,₹675.00,LINK,No
Caarabi,Anaerobic Naturals Ammikulavi Estate,Ammikulavi Estate,"Dindigul, Tamilnadu",1400,Microlot,"Catura, SLN - 9, SLN - 795",Anaerobic,Washed,Light Medium,Lemon Verbana • Plum Cake • Strawberry,,₹675.00,LINK,No
Caarabi,Attikan Estate Cultured Naturals,Attikan Estate,"Chamrajanagar, Karnataka",1400,Microlot,SLN - 9,Anaerobic Inoculation,Natural,Light,Black Grapes • Red Wine • Strawberry,,₹625.00,LINK,No
Caarabi,Lab Room Naturals - Ratnagiri Estate Estate,Ratnagiri Estate,"Chikkamagaluru, Karnataka",1300,Microlot,Arabica,,Washed,Light,Black Currants • Clove • Gooseberry • Sour Grape,,₹625.00,LINK,No
Caarabi,Wine Yeast Naturals,Melkodige Estate,"Chikkamagaluru, Karnataka",1250,Microlot,SLN - 5,Anaerobic Inoculation,Natural,Light Medium,Chocolate • Figs • Grapes • Mango,,₹625.00,LINK,No
Caarabi,Nagaland Naturals,Tsiese Estate,"Kohima, Nagaland",1500,Nanolot,"Chandragiri SLN - 13, SLN - 9",Anaerobic,Natural,Light Medium,Apricot • Caramel • Strawberry • Vanilla,,₹550.00,LINK,No
Caarabi,Honey Double Fermentation,Baarbara Estate,"Chikkamagaluru, Karnataka",1400,Microlot,SLN - 795,,Honey + Natural,Light,Caramel • Milk Chocolate • Mulberry • Plum,"Initially, the coffee cherries are fermented whole without depulping, allowing the fruit to impart rich, fruity flavors and aromas. After this natural fermentation stage, the pulp is removed, and the coffee undergoes a secondary fermentation with a layer of mucilage intact, characteristic of the honey process",₹500.00,LINK,No
Caarabi,Cosy AF,"Karadykan Estate, Ram Estate, Ratnagiri Estate Estate","Chikkamagaluru, Karnataka",1050-1300,Blend,Arabica,Anaerobic + Anaerobic Inoculation,Honey + Natural,Medium,Dark Chocolate • Molasses • Toasted Almonds,,₹475.00,LINK,No
Caarabi,Karadykan Dual Fermented Washed,Karadykan Estate,"Chikkamagaluru, Karnataka",1050,Single Estate,Catimor Arabica,,Washed,Medium,Amaretto • Caramel • Milk Chocolate • Pecan,,₹450.00,LINK,No
Caarabi,Ratnagiri Estate Washed AA|Ratnagiri Estate Estate,Ratnagiri Estate,"Chikkamagaluru, Karnataka",1300,Single Estate,Catuai,,Washed,Medium,Black Currants • Milk Chocolate • Toffee,,₹450.00,LINK,No
Caarabi,Chandragiri Washed,Melkodige Estate,"Chikkamagaluru, Karnataka",1250,Single Estate,Chandragiri SLN - 13,,Washed,Medium,Coconut • Gooseberry • Lemon Zest • Milk Chocolate,,₹450.00,LINK,No
Caarabi,Man on Mars,"Baarbara Estate, Gungegiri Estate","Chikkamagaluru, Karnataka",1400,Blend,Arabica,,Washed,Medium,Caramel • Chocolate • Nougat,,₹425.00,LINK,No
Caarabi,French Roast,"Baarbara Estate, Thogarihunkal Estate","Chikkamagaluru, Karnataka",1150-1400,Blend,Arabica,,Honey + Washed,French Roast,,Coffees blended after roasting,₹400.00,LINK,No
Caarabi,Baarbara Washed AA,Baarbara Estate,"Chikkamagaluru, Karnataka",1400,Single Estate,SLN - 795,,Washed,Medium Dark,Black Raisins • Cherry • Milk Chocolate,,₹400.00,LINK,No
Caarabi,Vienna Roast,,"Chikkamagaluru, Karnataka",,Blend,,,Honey + Washed,Vienna Roast,Caramel • Toasted Almonds,,₹400.00,LINK,No
Caarabi,Espresso Sunshine,,"Chikkamagaluru, Karnataka",,Blend,Arabica,,Honey + Washed,Dark,Dark Chocolate • Oak • Vanilla,,₹375.00,LINK,No
Café Handcrafted,Orchardale Estate,Orchardadale,"Salem, Tamilnadu",1520,Single Estate,"Chandragiri SLN - 13, SLN - 9, SLN - 795",,Natural,Medium,Dried Berries • Hazelnuts • Maple,"The flavours are a result of mixing two different processing methods, one half is slow fermented & slow dried to impart deep rich flavours while the other half undergoes shorter fermentation and faster drying to impart brightness and crisp mouthfeel.",₹500.00,LINK,No
Café Handcrafted,Gemblary Anaerobic Naturals,Gemblary,"Salem, Tamilnadu",1410,Blend,Arabica,Anaerobic,Natural,Medium,Apricot • Caramel • Wine,,₹425.00,LINK,No
Café Handcrafted,Salawara Frozen Cherry,Salawara Estate,"Hassan, Karnataka",1130,Single Estate,"Robusta CxR, SLN - 9",Anaerobic Inoculation,Natural,Medium,Green Apple • Plum,,₹425.00,LINK,No
Café Handcrafted,Baarbara Frozen Cherry,Baarbara Estate,"Chikkamagaluru, Karnataka",1400,Single Estate,SLN - 795,"Frozen, Anaerobic",Natural,Medium,Dried Berries • Honey • Red Wine Tannins,,₹425.00,LINK,No
Café Handcrafted,Bison Valley Estate,Bison Estate,"Dindigul, Tamilnadu",1350,Single Estate,SLN - 795,Anaerobic,Natural,Medium,Caramel • Chocolate • Jam Biscuits,,₹425.00,LINK,No
Café Handcrafted,Mooley Manay Estate,Mooley Manay Estate,"Kodagu, Karnataka",1000,Single Estate,SLN - 795,,Natural,Medium,Caramelized Apple • Chocolate • Mixed Berries,,₹425.00,LINK,No
Café Handcrafted,Gowri Estate,Gowri Estate,"Salem, Tamilnadu",1430,Single Estate,Arabica,Anaerobic,Natural,Medium Dark,Caramel • Chocolate • Litchi,,₹425.00,LINK,No
Café Handcrafted,Ratnagiri Estate Estate Yeast Natural,Ratnagiri Estate,"Chikkamagaluru, Karnataka",1300,Single Estate,Catuai,Anaerobic Inoculation,Natural,Light Medium,Apricot • Caramel • Nut Butter,,₹375.00,LINK,No
Café Handcrafted,Liquid Luck,,,,Blend,,,,Medium Dark,Chocolate • Fruit,,₹375.00,LINK,No
Café Handcrafted,Stanmore Estate,Stanmore,"Salem, Tamilnadu",1300,Single Estate,Arabica,,Natural,Medium,Chocolate • Figs • Honey • Nut,,₹325.00,LINK,No
Café Handcrafted,Salawara Anaerobic Naturals,Salawara Estate,"Hassan, Karnataka",1130,Single Estate,"Robusta CxR, SLN - 9",Anaerobic Inoculation,Natural,Medium,Green Apple • Plum,,₹325.00,LINK,No
Coffee Ideas,Salawara Reserve,Salawara Estate,"Hassan, Karnataka",1130,Nanolot,Chandragiri SLN - 13,Cofermentation,Honey,Light,Hazelnut • Mild Spice • Milk Chocolate • Tamarind,Fermented in whiskey barrels,₹400.00,LINK,Yes
Coffee Ideas,Balmaadi Wild,Balmaadi Estate,"Nilgiris, Tamilnadu",1700,Single Estate,"Bourbon, Caturra, Kent, SLN - 795",,Natural,Medium,Dark Chocolate • Sultana Syrup,,₹400.00,LINK,Yes
Coffee Ideas,Mahseer's Hope,Kerehaklu Estate,"Chikkamagaluru, Karnataka",1200,Single Estate,SLN - 6,,Washed,Omni Roast,Chocolate • Citrus • Stone Fruit,,₹400.00,LINK,Yes
Coffee Ideas,Kaveri Espresso,Palani Hills,"Dindigul, Tamilnadu",1200,Blend,"Cauvery, SLN - 9, Chandragiri SLN - 13, SLN - 795, CxR Robusta",,Natural + Washed,City,Cacao • Caramel • Red Fruits • Roasted Nuts • Warm Spices,"85% Arabica, 15% Robusta",₹300.00,LINK,Yes
Coffee Ideas,Malabar Blues,,Karnataka,750-900,Blend,50% Arabica + 50% Robusta,,Natural + Monsooned,Dark,Dark Chocolate • Vanilla,,₹300.00,LINK,Yes
Coffee Ideas,Malabar Monsoon,Hoysala Estate,"Kodagu, Karnataka",750-900,Single Estate,Arabica,,Natural + Monsooned,Light,Malt • Nutty,,₹300.00,LINK,Yes
Coffee Ideas,Julien Peak Forest,Julien Peak,"Salem, Tamilnadu",1200-1500,Single Estate,"Chandragiri SLN - 13, SLN - 795",,Washed,Light,Cinnamon • Citrus • Molasses,,₹300.00,LINK,Yes
Coffee Ideas,Old Kent Vienna,Old Kent Estate,"Kodagu, Karnataka",1100,Blend,"Kent, SLN - 9, Chandragiri SLN - 13, SLN - 795",,Natural + Washed,Vienna Roast,Caramel • Dark Chocolate,,₹300.00,LINK,Yes
Coffee Ideas,Buma Devi Breakfast,,"Wayanad, Kerala",750-900,Blend,50% Arabica + 50% Robusta,,Natural,Dark,Caramel • Dark Chocolate,,₹200.00,LINK,Yes
Coffeeverse,Intense Rum Barrel Aged Coffee,Ratnagiri Estate,"Chikkamagaluru, Karnataka",1400,Single Estate,Catuai,,Natural + Aged,Medium,Blackberry • Purple Grapes • Vanilla,45 day aging,₹510.00,LINK,No
Coffeeverse,San Ramon,Amruthavarshini Estate,"Chikkamagaluru, Karnataka",1000,Single Estate,San Ramon Arabica,Anaerobic Inoculation,Washed,Light Medium,Bergamot • Caramel • Milk Chocolate,San Ramon Honey is produced using a unique Double Anaerobic fermentation process that involves yeast. It begins with fermenting the whole fruit before moving on to the beans after pulping The beans are then slowly dried under shade for about 25 to 28 days.,₹470.00,LINK,No
Coffeeverse,Praline Symphony,Ratnagiri Estate,"Chikkamagaluru, Karnataka",1400,Single Estate,Catuai,Anaerobic Inoculation,Natural,Light,Almond • Brown Sugar • Cocoa,"The coffee cherries had a Brix of 25.8 at harvest and were placed in Bio fermenters after floater removal. A unique strain of Saccharomyces yeast and lactic acid bacteria was added, and the coffee fermented for 72 hours in a nitrogen-rich environment. It was then dried on raised beds for 31 days",₹440.00,LINK,No
Coffeeverse,The Lacto Project,Ratnagiri Estate,"Chikkamagaluru, Karnataka",1400,Single Estate,Hemavathi,Carbonic Inoculation,Natural,Light,Green Grapes • Red Raisins • Sweet Lime,"The cherries had a Brix of 25.9 at harvest and were placed in Bio fermenters after floater removal. They were inoculated with various lab-grown cultures, purged with carbon dioxide, and fermented for 96 hours. After fermentation, the beans were dried slowly on raised beds for 31 days, with constant stirring.",₹440.00,LINK,No
Coffeeverse,Carbonic Candy,Ratnagiri Estate,"Chikkamagaluru, Karnataka",1400,Single Estate,SLN - 9,Carbonic Inoculation,Natural,Light,Pomegranate • Rambutan • Strawberry Bubblegum,". The cherries, harvested at a Brix of 25.4, were placed in Bio fermenters with added lab culture microbes and lactic acid bacteria for fermentation in a carbon dioxide-rich environment. After fermentation, the coffee was moved to raised beds for slow drying over 29 days with constant stirring.",₹440.00,LINK,No
Coffeeverse,Riverdale N48 Naturals,Riverdale Estate,"Salem, Tamilnadu",1450,Single Estate,SLN - 9,Anaerobic,Natural,Light,Guava • Mulberry • Passionfruit,,₹440.00,LINK,No
Coffeeverse,Microbe Magic,Ratnagiri Estate,"Chikkamagaluru, Karnataka",1400,Single Estate,Catuai,Anaerobic Inoculation,Washed,Light,Dried Apricot • Muscovado • White Peach,"The coffee cherries, with a Brix of 24.4 at harvest, underwent a 52-hour fermentation in Bio fermenters with added lab culture microbes. After de-pulping and washing, the coffee was slowly dried on raised beds for 23 days with constant stirring.",₹440.00,LINK,No
Coffeeverse,Blossom Washed,Ratnagiri Estate,"Chikkamagaluru, Karnataka",1400,Single Estate,Catuai,Anaerobic Inoculation,Washed,Light,Java Apple • Litchi • Wild Honey,"This is a 90-hour CULTURE PROCESS washed coffee from the Catuai varietal at our Ratnagiri Estate farm, located at 4,300 feet in the Betamare Patte block. The cherries, with a Brix of 23.2 at harvest, were fermented in stainless-steel fermenters after removing floaters, using a specific strain of yeast and lactic acid bacteria. Following fermentation, they were depulped, washed, and slowly dried on raised beds for 26 days,",₹440.00,LINK,No
Coffeeverse,Hydro Honey,Ratnagiri Estate,"Chikkamagaluru, Karnataka",1400,Single Estate,Catuai,Thermal Shock,Honey - Dark Room,Light Medium,Apricot • Black Raisin • Honeydew Melon,It undergoes a careful 15-day drying process in a dark room,₹440.00,LINK,No
Coffeeverse,RC-7 Naturals,Ratnagiri Estate,"Chikkamagaluru, Karnataka",1400,Single Estate,Hemavathi,Anaerobic Inoculation,Natural,Light Medium,Cran-Grape • Dried Pineapple • Red Apple,"The Brix of the coffee cherries was 24.6 when harvested and they were put in the fermenters after floater removal. A strain of lab culture microbes were them introduced in a Nitrogen rich environment and allowed to ferment for 60 hours at 2.2 bar pressure. After removing the coffee from the fermenters, it was directly put on raised beds and dried for 29 days.",₹440.00,LINK,No
Coffeeverse,Thermal Shock,Ratnagiri Estate,"Chikkamagaluru, Karnataka",1400,Single Estate,SLN - 9,Thermal Shock,Natural,Light Medium,Blackberry • Green Apple Candy • Pear,This particular lot goes through an exciting Thermal Shock Anaerobic Fermentation process in high-tech bio fermenters for 36 hours,₹440.00,LINK,No
Coffeeverse,Flowerette Naturals,Riverdale Estate,"Salem, Tamilnadu",1450,Single Estate,SLN - 9,Cofermentation,Natural,Light Medium,Apricot • Floral • Peach • Red Cherry,Flower Petal cofermentation,₹440.00,LINK,No
Coffeeverse,Red Fruit Naturals,Riverdale Estate,"Salem, Tamilnadu",1450,Single Estate,SLN - 9,Cofermentation + Inoculation,Natural,Light Medium,Fig • Papaya • Raspberry Jam,Cofermented with red fruit and inoculated with wine yeast for 80 hours,₹440.00,LINK,No
Coffeeverse,Champagne Naturals,Riverdale Estate,"Salem, Tamilnadu",1450,Single Estate,SLN - 9,Anaerobic Inoculation,Natural,Light Medium,Dried Plum • Plum • Red Apples,,₹440.00,LINK,No
Coffeeverse,Natural - Dark Rooms,Ratnagiri Estate,"Chikkamagaluru, Karnataka",1400,Single Estate,Chandragiri SLN - 13,Thermal Shock + Anaerobic Inoculation,Natural - Dark Room,Light Medium,Blackberries • Pink Guava • Red Globe,"Starting with thermal shock applied to the cherries to enhance sugar readiness for fermentation. The cherries are then fermented for 48 hours with lactic acid bacteria (LAB) to ensure balanced acidity and optimal flavor development. After fermentation, they are dried in a dark room for 12 days, minimizing UV degradation and preserving their complexity",₹440.00,LINK,No
Coffeeverse,Culture Process,Ratnagiri Estate,"Chikkamagaluru, Karnataka",1400,Single Estate,Catuai,Carbonic Inoculation,Natural,Medium,Earl Grey • Marigold • Peach Candy,"This exceptional coffee undergoes an 80-hour CULTURE PROCESS, sourced from the Catuai varietal at our farm, located 4,400 feet high in the Jeri Patte block. After harvesting with a Brix of 25.8, we placed the cherries in stainless-steel fermenters, adding a specific strain of yeast and lactic acid bacteria. The fermentation took place in a carbon dioxide-rich environment, followed by a slow drying process on raised beds over 29 days with constant stirring.",₹440.00,LINK,No
Coffeeverse,Frozen Cherry,Baarbara Estate,"Chikkamagaluru, Karnataka",1400,Single Estate,Arabica,Frozen,Natural,Light Medium,Mixed Berries • Peach • Pomogranate,"Frozen Cherry processing takes inspiration from the wine industry, as whole coffee cherries are fermented and put in a freezer in bags so the sugars accumulate. They are then removed and slow dried on raised beds.",₹430.00,LINK,No
Coffeeverse,Nitrogen Naturals,Ratnagiri Estate,"Chikkamagaluru, Karnataka",1400,Single Estate,Arabica,Anaerobic Inoculation,Natural,,Mixed Berries • Molasses • Peach,,₹430.00,LINK,No
Coffeeverse,Blossom Naturals,Ratnagiri Estate,"Chikkamagaluru, Karnataka",1400,Single Estate,Catuai,Anaerobic Inoculation,Natural,,Clover Honey • Floral • Golden Raisins • Litchi,"The cherries, with a Brix of 25.2 at harvest, were fermented for 72 hours with a specific yeast and lactobacillus culture in stainless-steel fermenters. After fermentation, the coffee was dried slowly on raised beds over 29 days with constant stirring.",₹430.00,LINK,No
Coffeeverse,Koraput Honey Black,Koraput Estate,"Koraput, Odisha",1000,Single Estate,Chandragiri SLN - 13,Anaerobic Inoculation,Honey,Light Medium,Apricot • Honeysuckle • Toffee,"The beans are co-fermented with their own sweet pulp using specially selected yeast cultures for 48 hours, enhancing their fruity complexity and natural sweetness. After fermentation, they are dried on raised beds for 21 days in the shade",₹400.00,LINK,No
Coffeeverse,Krishnagiri Honey,Krishnagiri Estate,"Chikkamagaluru, Karnataka",1500,Single Estate,Chandragiri SLN - 13,Anaerobic Inoculation,Honey,Light Medium,Black Raisin • Maple Syrup • Nectar,"A 72-hour sequential fermentation process is employed with yeast, ensuring that each batch captures the full essence of the yeast used. Following this careful fermentation, the beans are patiently dried for 18 days.",₹400.00,LINK,No
Coffeeverse,Lot 89,Karadykan Estate,"Chikkamagaluru, Karnataka",1050,Single Estate,Catimor Arabica,Anaerobic Inoculation,Natural,Light Medium,Green Grape • Jaggery • Maple Syrup,Fermented for 48 hours in an oxygen-free environment with the help of saccharomyces yeast,₹400.00,LINK,No
Coffeeverse,BeWild Canephora,Poomale Estate,"Kodagu, Karnataka",1050,Single Estate,Old Peradeniya Robusta,Anaerobic,Natural,Light Medium,Clove • Dark Chocolate • Roasted Walnut,,₹400.00,LINK,No
Coffeeverse,Anugraha Slow Dried Naturals,Anugraha Estate,"Dindigul, Tamilnadu",1750,Single Estate,SLN - 795,,Natural,Light Medium,Black Tea • Cola • Malt,Dried the coffee for 45-50 days in the gentle sun,₹400.00,LINK,No
Coffeeverse,Sugar Fermented Naturals,Gungegiri Estate,"Chikkamagaluru, Karnataka",1340,Single Estate,SLN - 9,Osmotic,Natural,Light Medium,Black Raisin • Milk Chocolate • Yellow Plum,"Coffee cherries are fermented in an anaerobic environment with natural unrefined sugars, known as ""Gud"" in Hindi, for 26 hours. Following fermentation, the cherries undergo a slow drying process that lasts for 22 days",₹400.00,LINK,No
Coffeeverse,Kolli Berri Naturals,Kolli Beri Estate,"Chikkamagaluru, Karnataka",1032-1112,Single Estate,,Anaerobic,Natural,Light Medium,Banana • Bergamot • Dried Pineapple,"The cherries underwent an 84-hour anaerobic fermentation to enhance clarity and structure. They were then dried in two stages: seven days in shade followed by 25 days in sunLight, avoiding peak afternoon heat.",₹400.00,LINK,No
Coffeeverse,Sirangalli Honey,Sirangalli,"Kodagu, Karnataka",1350,Single Estate,Arabica,,Honey,,Apricot • Honeysuckle • Jaggery • Tender Coconut,,₹390.00,LINK,No
Coffeeverse,Amruthavarshini Naturals,Amruthavarshini Estate,"Chikkamagaluru, Karnataka",1000,Single Estate,Arabica,Anaerobic,Natural,Light Medium,Dates • Grapefruit • Milk Chocolate,,₹360.00,LINK,No
Coffeeverse,Yeast Carbonic Naturals,Ratnagiri Estate,"Chikkamagaluru, Karnataka",1400,Single Estate,Arabica,Carbonic Inoculation,Natural,Light Medium,Craneberry • Molasses • Prune,,₹360.00,LINK,No
Coffeeverse,Riverdale Washed,Riverdale Estate,"Salem, Tamilnadu",1450,Single Estate,SLN - 9,Anaerobic Inoculation,Washed,Medium,Cinnamon • Nougat Toffee,,₹360.00,LINK,No
Coffeeverse,Komala Washed,Komala Estate,"Kodagu, Karnataka",900,Single Estate,Arabica,,Washed,Medium Dark,Dark Chocolate • Maple Syrup • Purple Grapes,,₹360.00,LINK,No
Coffeeverse,Ratnagiri Estate Washed,Ratnagiri Estate,"Chikkamagaluru, Karnataka",1400,Single Estate,Arabica,,Washed,Medium,Dark Chocolate • Nutmeg • Tangerine,,₹320.00,LINK,No
Corridor Seven,Riverdale Estate Geisha,Riverdale Estate,"Salem, Tamilnadu",1450,Single Estate,Geisha,Carbonic,,Light,Honeysuckle • Jasmin Tea • Muskmelon,"With cherries boasting 30 brix and above, meticulously handpicked, and processed through carbonic maceration for 72 hours",900 for 75 grams,LINK,No
Corridor Seven,Melkodige Estate,Melkodige Estate,"Chikkamagaluru, Karnataka",1250,Single Estate,SLN - 9,Anaerobic Inoculation,Natural,Light,Pink Guava • Pomogrenate • Raisins,The cherries then undergo anaerobic fermentation in sealed drums for 72 hours,₹444.00,LINK,No
Corridor Seven,Salawara Estate Carbonic Maceration,Salawara Estate,"Hassan, Karnataka",1130,Single Estate,"SLN - 6, SLN - 795",Carbonic,Natural,Light,Orange Blossom • Plum • Watermelon,The cherries are sealed in stainless steel tanks and pressurized with carbon dioxide for 72 hours,₹428.00,LINK,No
Corridor Seven,Salawara Estate Bioreactor Naturals,Salawara Estate,"Hassan, Karnataka",1130,Single Estate,SLN - 795,Anaerobic Inoculation,Natural,Light,Cranberry • Dried Apple,The coffees were placed in the bioreactor for 72 hours,₹428.00,LINK,No
Corridor Seven,Salawara Estate Pichia Fermentation HSD,Salawara Estate,"Hassan, Karnataka",1130,Single Estate,"SLN - 6, SLN - 9",Carbonic Inoculation,Honey,Light,Green Apple • Prune,,₹420.00,LINK,No
Corridor Seven,Salawara Estate Naturals,Salawara Estate,"Hassan, Karnataka",1130,Single Estate,Chandragiri SLN - 13,Anaerobic Inoculation,Natural,Light,Grapefruit • Nectarine • Strawberry,,₹420.00,LINK,No
Corridor Seven,Salawara Estate Mosto Fermentation,Salawara Estate,"Hassan, Karnataka",1130,Single Estate,SLN - 795,Mosto,Natural,Light,Bergamot • Peach • Raisin,,₹420.00,LINK,No
Corridor Seven,Ratnagiri Estate Estate Washed,Ratnagiri Estate,"Chikkamagaluru, Karnataka",1400,Single Estate,Catuai,,Washed,Medium,Brown Sugar • Green Apple • Plum,,₹328.00,LINK,No
Corridor Seven,Basankhan Estate,Basankhan Estate,"Chikkamagaluru, Karnataka",1450,Single Estate,SLN - 795,,Washed,Medium,Green Apple • Muskmelon,,₹328.00,LINK,No
Corridor Seven,August Rush Blend,,,1450-1524,Blend,"SLN - 9, SLN - 795",,,Medium,Almonds • Cotton Candy • Prunes,,₹320.00,LINK,Yes
Corridor Seven,Baabara Estate Washed Process,Baarbara Estate,"Chikkamagaluru, Karnataka",1400,Single Estate,SLN - 795,,Washed,Medium,Honey • Milk Chocolate,,₹296.00,LINK,Yes
Corridor Seven,Barista Forte Blend,,,,Blend,,,Washed,Medium,Cacao • Nutmeg,,₹296.00,LINK,No
Corridor Seven,Vienna Roast,,"Chikkamagaluru, Karnataka",1260,,"Catura, SLN - 795",,Washed,Dark,Cacao Nibs • Dark Chocolate,,₹284.00,LINK,No
Corridor Seven,LEAN Blend,,,,Blend,Arabica,,Washed,Medium,Cinnamon,,₹284.00,LINK,No
Corridor Seven,French Roast,,"Chikkamagaluru, Karnataka",1260,,Catura,,Washed,Vienna Roast,,,₹284.00,LINK,No
Corridor Seven,Brim Blend,,,,Blend,,,Washed,Medium,Brown Sugar • Cinnamon • Roasted Hazelnuts,,₹248.00,LINK,No
Curious Life Coffee,Gundikhan Washed Lot 799,Gundikhan Estate,"Chikkamagaluru, Karnataka",1350,Single Estate,Chandragiri SLN - 13,,Washed,Light,Candied Tangerines,,₹396.00,LINK,No
Curious Life Coffee,Gundikhan Natural Lot 15 & 57,Gundikhan Estate,"Chikkamagaluru, Karnataka",1350,Single Estate,Chandragiri SLN - 13,,Natural,Light,Apple • Guava • Sweet Citrus,,₹380.00,LINK,No
Curious Life Coffee,"Bison, House Blend Espresso",Bison Estate,"Dindigul, Tamilnadu",1350,,Arabica,,,Medium,Cacao • Chocolate • Wild Berries,,₹340.00,LINK,No
Curious Life Coffee,Honnametti Estate Washed Espresso,Honnametti Estate,"Chamrajanagar, Karnataka",1700,Single Estate,San Ramon Arabica,,Washed,Medium,Black Tea • Cocoa • Spices,,₹332.00,LINK,No
Dancing Goat,Blossom,,"Chikkamagaluru, Karnataka",1300,Single Estate,,Cofermentation,,Light Medium,Almond • Orange • Toffee,,₹320.00,LINK,No
Dancing Goat,Baarbara Estate,Baarbara Estate,"Chikkamagaluru, Karnataka",1400,Single Estate,,,Washed,Dark,Caramel • Dark Chocolate • Walnuts,,₹240.00,LINK,No
Dancing Goat,Hunkal Estate,Hunkal Estate,"Chikkamagaluru, Karnataka",1500,Microlot,,,Honey,Medium,Cacao • Orange • Sweet Lime,,₹240.00,LINK,No
Dancing Goat,Ratnagiri Estate Estate,Ratnagiri Estate,"Chikkamagaluru, Karnataka",1400,Single Estate,,,Washed,Dark,Cherry • Milk Chocolate • Raisins,,₹225.00,LINK,No
Dancing Goat,DG Espresso Roast,,"Kodagu, Karnataka",1200,,,,Washed,Dark,Cocoa • Dark Chocolate,,₹200.00,LINK,No
Dancing Goat,DG Microlot #1,,"Kodagu, Karnataka",1300,Microlot,,,Natural,Medium Dark,Caramel • Dark Chocolate • Lemon Zest • Nuts,,₹200.00,LINK,No
Davrah Coffee,Vasantham,"Kolli Malai, Yercaud","Namakkal, Salem, Tamilnadu",1200-1450,Blend,"Catura, SLN - 9",Anaerobic,Natural + Washed,,Berry Jam • Caramel • Milk Chocolate,,₹210.00,LINK,No
Davrah Coffee,Amudham,Yercaud,"Salem, Tamilnadu",1400,,Arabica,,Washed,,,,₹200.00,LINK,No
Davrah Coffee,Kolli Kappi,Kolli Malai,"Namakkal, Tamilnadu",1200,Single Estate,SLN - 9,Anaerobic,Washed,,,,₹200.00,LINK,No
Davrah Coffee,Centum,Chikkamaguluru + Yercaud,"Chikkamagaluru, Karnataka | Salem, Tamilnadu",1000-1400,Blend,Arabica,,Natural + Washed,,,,₹190.00,LINK,No
Davrah Coffee,Pramadham,"Chikkamagaluru, Coorg, Yercaud","Kodagu, Chikkamagaluru, Karnataka | Salem, Tamilnadu",950-1450,Blend,Arabica + Robusta,,Natural + Washed,Omni Roast,,,₹170.00,LINK,No
Davrah Coffee,Top Takkar,"Coorg, Yercaud","Kodagu, Karnataka | Salem, Tamilnadu",900-1400,Blend,Arabica + Robusta,,Natural + Washed,,,,₹160.00,LINK,No
Davrah Coffee,Sugam,"Chikkamagaluru, Coorg","Chikkamagaluru, Kodagu, Karnataka",900-1000,Blend,Arabica + Robusta,,Natural + Washed,,,,₹150.00,LINK,No
Devan's,Celebration Blend,,,,Blend,,,,Medium,,,₹420.00,LINK,No
Devan's,Monsooned Malabar,,"Chikkamagaluru, Karnataka",1400,,Arabica,,Monsooned,Light Medium,,,₹225.00,LINK,No
Devan's,Organic Arabica,,"Chikkamagaluru, Karnataka",1300,,Arabica,,,Light Medium,,,₹225.00,LINK,No
Devan's,Arabica Plantation - AAA Mysore Nuggets,,"Chikkamagaluru, Karnataka",1750,,Arabica,,,Medium,,,₹225.00,LINK,No
Devan's,Arabica Plantation - AAA Dark Roast,,"Chikkamagaluru, Karnataka",1750,,Arabica,,,Medium,,,₹225.00,LINK,No
Devan's,Oriental Espresso Blend,,"Chikkamagaluru, Kodagu, Karnataka",,Blend,Arabica,,,Dark,,,₹210.00,LINK,No
Devan's,Arabica Peaberry,,"Chikkamagaluru, Karnataka",1400,,Arabica Peaberry,,,Dark,,,₹210.00,LINK,No
Devan's,Viennese Blend,,"Chikkamagaluru, Karnataka",1300,Blend,,,,Dark,,,₹210.00,LINK,No
Devan's,Arabica French Roast,,"Chikkamagaluru, Karnataka",1500,,Arabica,,,French Roast,,,₹210.00,LINK,No
Devan's,Lodhi Blend,,,,Blend,Arabica,,,,,,₹210.00,LINK,No
Devan's,Arabica Peaberry,,"Chikkamagaluru, Karnataka",1400,,Arabica Peaberry,,,Light,,,₹200.00,LINK,No
Devan's,Arabica Plantation - AA,,"Chikkamagaluru, Karnataka",,,Arabica,,,Medium,,,₹200.00,LINK,No
Devan's,Special Blend,,"Chikkamagaluru, Karnataka",1400,Blend,Arabica Peaberry + Arabica,,,Medium,,,₹200.00,LINK,No
El Bueno,Whisk it Up!,Harley Estate,"Hassan, Karnataka",1130,Single Estate,SLN - 9,,Washed + Aged,Medium,Green Apple • Irish Cream,Whiskey Barrel Aged,₹384.00,LINK,Yes
El Bueno,Berried Treasure,Ratnagiri Estate,"Chikkamagaluru, Karnataka",1300,Single Estate,Catuai,Mosto,Natural - Dark Room,Light Medium,Cacao • Stewed Berries,Anerobic fermentation in bio fermenters for 48 hours with lab isolated microbes before drying on raised beds for 23 days as a natural processed coffee,₹352.00,LINK,Yes
El Bueno,Cacao Me Crazy!,Ratnagiri Estate,"Chikkamagaluru, Karnataka",1300,Single Estate,Hemavathi,Robusta Mosto,Natural,Medium,Dark Chocolate • Molasses • Raisin,In cherry fermentation for 36 hours with inoculated with lab microbes with vacuum impregnation process and dried on raised beds for 26 days,₹352.00,LINK,Yes
El Bueno,Golden Glow,Ratnagiri Estate,"Chikkamagaluru, Karnataka",1300,Single Estate,Arabica,,Washed,Medium,Caramel • Green Apple,,₹352.00,LINK,Yes
El Bueno,Lime Wired,Odissi Coffee,"Koraput, Odisha",1000,Single Estate,Chandragiri SLN - 13,,Honey,Light Medium,Orange Candy • Raisins • Zesty Lime,,₹336.00,LINK,Yes
El Bueno,Sunset Slurp,Odissi Coffee,"Koraput, Odisha",1000,Single Estate,"Chandragiri SLN - 13, SLN - 9",,Natural,Light Medium,Brown Sugar • Guava • Mixed Berries,,₹336.00,LINK,Yes
El Bueno,Apple Of My Brew,Amruthavarshini Estate,"Chikkamagaluru, Karnataka",1000,Single Estate,SLN - 9,Anaerobic,,Light Medium,Apple Compote • Lemon Verbana,,₹336.00,LINK,Yes
El Bueno,Sweet Buzz,Venkids Valley Estate,"Kodagu, Karnataka",1000,Single Estate,Catuai,,Honey,Medium,Caramel • Jasmine,,₹336.00,LINK,Yes
El Bueno,Pouring Plums,Gungegiri Estate,"Chikkamagaluru, Karnataka",1340,Single Estate,SLN - 795,Osmotic,Honey,Medium,Citrus Zest • Milk Chocolate • Ripe Plum,,₹336.00,LINK,Yes
El Bueno,Jaggery Pop,Anai Kadu Estate,"Kodagu, Karnataka",1000,Single Estate,SLN - 795,Anaerobic,Natural,Medium,Jaggery • Plum • Praline,,₹336.00,LINK,No
El Bueno,Choc Out Loud,Bisal Munti,"Mandya, Karnataka",650,Single Estate,Chandragiri SLN - 13,,Natural,Medium Dark,Dark Chocolate • Dried Figs • Toasted Hazelnuts,,₹336.00,LINK,Yes
El Bueno,The Weekend,,,,Blend,Arabica,,,Medium Dark,Milk Chocolate,,₹312.00,LINK,Yes
El Bueno,Signature Blend,"Baarbara Estate, Ratnagiri Estate Estate","Chikkamagaluru, Karnataka",1300-1400,Blend,Arabica,,Natural + Washed,Medium Dark,Jack Fruit • Milk Chocolate • Nougat,,₹296.00,LINK,Yes
El Bueno,Hello Monday,,,,Blend,Arabica,,Natural + Washed,Medium,Sweet Citrus,,₹288.00,LINK,Yes
El Bueno,Molten Mornings,"Baarbara Estate, Thogarihunkal Estate","Chikkamagaluru, Karnataka",1400,Single Estate,SLN - 795,,Washed,Vienna Roast,Jack Fruit • Lemongrass,,₹288.00,LINK,Yes
El Bueno,El Perfecto,,,,Blend,80% Arabica + 20% Robusta,,,Medium,Cacao • Roasted Almonds,,₹264.00,LINK,Yes
El Bueno,Bean There,,,,Blend,Arabica + Robusta,,Natural + Washed,Dark,Caramel • Dark Chocolate • Prunes,,₹256.00,LINK,Yes
El Bueno,Spill The Beans,,,,Blend,70% Arabica + 30% Robusta,,,Dark,Caramel • Dark Chocolate • Orange,,₹256.00,LINK,Yes
El Bueno,Jam Session,Ratnagiri Estate,"Chikkamagaluru, Karnataka",1300,Single Estate,Catuai,Anaerobic Inoculation,Honey,Light Medium,Honey • Red Apple,,₹256.00,LINK,Yes
El Bueno,Cascara,Salawara Estate,"Hassan, Karnataka",1130,Single Estate,SLN - 9,,Washed,Medium,Honey • Molasses,,₹160.00,LINK,No
Eventide,Koji Cloud,Yercaud,"Salem, Tamilnadu",1550,Microlot,,Cofermentation,Honey,Light Medium,Sake • Stone Fruit,,₹450.00,LINK,No
Eventide,Clementime,,Nagaland,1350,,Chandragiri SLN - 13,Hydro,Natural,Light Medium,Cherries • Honey,,₹450.00,LINK,No
Eventide,Honeycrisp,Yercaud,"Salem, Tamilnadu",,Microlot,Yellow Bourbon,,Natural,Light Medium,Floral,,₹450.00,LINK,No
Eventide,Cherry Wine,Balmaadi Estate,"Nilgiris, Tamilnadu",1700,Microlot,,Anaerobic,Natural,Light Medium,Honey • Red Cherries • Tartaric Acid,,₹450.00,LINK,No
Eventide,Ma Cherie,Kodaikanal,"Dindigul, Tamilnadu",1300,,Sarchimor,,Washed,Light Medium,Cherry • Yuzu,,₹450.00,LINK,No
Eventide,Peach Eyes,Ratnagiri Estate,"Chikkamagaluru, Karnataka",1300,Single Estate,"Catuai, Chandragiri SLN - 13",Thermal Shock,,Omni Roast,Cherry Cola • Prunes,,₹450.00,LINK,No
Eventide,Sweet Nothings,Koraput Estate,"Koraput, Odisha",1000,Single Estate,"Chandragiri SLN - 13, SLN - 9",,Honey,Light Medium,Amla • Jaggery,,₹375.00,LINK,No
Eventide,Mundane Routine,"Coorg, Nagaland, Yercaud","Kodagu, Karnataka | Nagaland | Salem, Tamilnadu",,Blend,80% Arabica + 20% Robusta,Hydro (Arabica) + Anaerobic Inoculation (Arabica + Robusta),Natural + Washed,Medium Dark,,,₹375.00,LINK,No
Five Farms,Omkara,Kambibane,"Kodagu, Karnataka",609,Blend,60% Arabica + 40% Robusta,,,,,,₹260.00,LINK,No
Five Farms,Chaundikad,,"Kodagu, Karnataka",,,Arabica,,Natural,Medium,,,₹220.00,LINK,No
Five Farms,Palangaala,,,,,,,Natural,Medium,Cocoa,,₹220.00,LINK,No
Five Farms,OT,Crystal Valley,"Kodagu, Karnataka",985,Microlot,,Anaerobic Inoculation,Natural,Medium,Cinnamon • Zesty Ginger,This unique coffee is crafted through a meticulous fermentation process using a yeast culture derived from a spiced cinnamon and ginger wine popularly called OT or ‘The other thing’.,₹220.00,LINK,No
Five Farms,Ceratto,Crystal Valley,"Kodagu, Karnataka",985,Microlot,,Carbonic,,Medium,Plum • Chocolate,,₹220.00,LINK,No
Five Farms,Tangerine,Crystal Valley,"Kodagu, Karnataka",985,Microlot,,Cofermentation,,Medium,Berries,,₹220.00,LINK,No
Five Farms,Malhar Monsoon Malabar,,"Kodagu, Karnataka",,,,,Monsooned,Medium,,,₹200.00,LINK,No
Five Farms,Eterna,,,,Blend,,,Washed,Medium,,,₹200.00,LINK,No
Five Farms,Malhar Extra Bold Mysore Nuggets,,"Kodagu, Karnataka",,,,,,French Roast,,,₹190.00,LINK,No
Five Farms,The Artist's Blend Honey Wash,,"Kodagu, Karnataka",609,,,,Honey,Medium,,,₹180.00,LINK,No
Five Farms,Malakodu Honey Wash AAA,Malakodu Estate,"Kodagu, Karnataka",,Single Estate,,,Honey,Medium,,,₹178.00,LINK,No
Five Farms,Malakodu Monsoon Malabar,Malakodu Estate,"Kodagu, Karnataka",,Single Estate,,,Monsooned,Medium,,,₹178.00,LINK,No
Five Farms,Malakodu Plantation AAA,Malakodu Estate,"Kodagu, Karnataka",,Single Estate,Arabica,,Washed,,,,₹167.00,LINK,No
Five Farms,Pi,,"Kodagu, Karnataka",609,,Arabica Peaberry,,,Custom,,,₹160.00,LINK,No
Five Farms,The Artist's Blend Stream Glory Breakfast Robusta,,"Kodagu, Karnataka",609,,Robusta,,,Medium,,,₹160.00,LINK,No
Five Farms,Morning Mist,Malakodu Estate,"Kodagu, Karnataka",,Single Estate,Arabica,,Washed,Medium Dark,,,₹160.00,LINK,No
Five Farms,Malakodu Select Premium Espresso Blend,Malakodu Estate,"Kodagu, Karnataka",,Blend,70% Arabica + 30% Robusta,,,,Caramel • Dark Chocolate,,₹152.00,LINK,No
Five Farms,Malakodu Single Estate Arabica,Malakodu Estate,"Kodagu, Karnataka",,Single Estate,Arabica,,Washed,Custom,,,₹144.00,,
Five Farms,Malakodu Arabica Cherry Naturals,Malakodu Estate,"Kodagu, Karnataka",,Single Estate,Arabica,,Natural,,,,₹141.00,LINK,No
Five Farms,Malhar Robusta Royale,,,,,Robusta,,,Medium,,,₹140.00,LINK,No
Five Farms,Malakodu by Karna - Coffee Naturale,Malakodu Estate,"Kodagu, Karnataka",,Blend,60% Arabica + 40% Robusta,,,,Berries • Dark Chocolate,,₹140.00,LINK,No
Five Farms,Malakodu Robusta Royale,Malakodu Estate,"Kodagu, Karnataka",,Single Estate,Robusta,,Washed,Custom,,,₹122.00,LINK,No
Five Farms,Malakodu Classic Espresso Blend,Malakodu Estate,"Kodagu, Karnataka",,Blend,70% Arabica + 30% Robusta,,Washed,,,,₹122.00,LINK,No
Fraction 9,Rum Barrel No 9,Kalathgiri,"Chikkamagaluru, Karnataka",,Nanolot,SLN - 795,,Honey + Washed + Aged,Light,Apple Juice • Blueberries • Rum • Salted Pistachio,Aged in rum barrels,₹394.00,LINK,No
Fraction 9,Frozen Cherry Imperial,Jannapura Estate,"Chikkamagaluru, Karnataka",1150,Nanolot,SLN - 795,"Frozen, Anaerobic Inoculation",Natural,Light,Apple • Cherry • Cola • Earl Grey,"This lot begins with carefully handpicked, fully ripened coffee cherries that are frozen in an industrial freezer for 48 hours. This freezing step enhances cellular breakdown, allowing deeper infusion of flavours during the next stage. The cherries are then anaerobically fermented with yeast, developing a complex and layered profile, before being slowly dried on raised beds for 18 days",₹356.00,LINK,No
Fraction 9,Ratnagiri Estate Red Spectrum,Ratnagiri Estate,"Chikkamagaluru, Karnataka",1300,Nanolot,SLN - 9,Hydro,Honey,Light,Guava • Orange Zest • Papaya • Passionfruit • Pomegranate • Raisins,,₹320.00,LINK,No
Fraction 9,Caramelized Lychee,CT Estate,"Chikkamagaluru, Karnataka",1200,Nanolot,"Chandragiri SLN - 13, SLN - 5B",,Honey,Light,Honey • Floral Tea • Lychee • Mulberry,,₹306.00,LINK,No
Fraction 9,Traditional Blend,,,,Blend,80% Arabica + 20% Robusta,,,Dark,Cocoa • Peanut,,₹248.00,LINK,No
Fraction 9,Vienna Roast,,,,Blend,Arabica,,,Dark,Cocoa • Oak,,₹248.00,LINK,No
Fraction 9,Sweet Roast,,,,,Arabica,,,Light,Citrus • Orange Blossom,,₹248.00,LINK,No
Fraction 9,Breakfast Roast,Kalyancool,"Chikkamagaluru, Karnataka",1100,Single Estate,Arabica,,,Medium,Hazelnut • Plum,,₹248.00,LINK,No
Fraction 9,Christmas Roast,,"Chikkamagaluru, Karnataka",1300,Blend,SLN - 795,,Washed,Medium Dark,Dark Chocolate • Figs • Roasted Almonds,,₹248.00,LINK,No
Fraction 9,Cacppuccino Blend,,,,Blend,80% Arabica + 20% Robusta,,,Medium Dark,Milk Chocolate • Roasted Nuts,,₹248.00,LINK,No
Fraction 9,French Roast,,,,,Arabica,,,Vienna Roast,Cocoa,,₹248.00,LINK,No
Fraction 9,Kardigandi Bright Zest,Kardigandi Estate,"Chikkamagaluru, Karnataka",1220,Single Estate,Chandragiri SLN - 13,,Natural,Light,Brown Sugar • Chocolate • Stone Fruits • Sweet Lime,,₹240.00,LINK,No
Fraction 9,Prabal,,"Chikkamagaluru, Karnataka",1100,,Robusta CxR,,,Dark,,,₹212.00,LINK,No
Fraction 9,Everyday Gold,,"Chikkamagaluru, Karnataka",,,Arabica,,Washed,Custom,Brown Sugar • Cocoa • Date • Roasted Hazelnut,,₹174.00,LINK,No
GB Roasters,Ekate An. Naturals,Ekata,"Chikkamagaluru, Karnataka",1600,Single Estate,"Chandragiri SLN - 13, SLN - 9, SLN - 795",Anaerobic,Natural,,Almonds • Caramel • Jackfruit • Pear,,₹471.00,LINK,No
GB Roasters,Naga Washed,,Nagaland,1280,,SLN - 9,,Washed,,Caramel • Honey • Milk Chocolate,,₹294.00,LINK,No
GB Roasters,Mudremane Estate Washed,Mudremane,"Chikkamagaluru, Karnataka",1200,Single Estate,Chandragiri SLN - 13,,Washed,Custom,Black Tea • Molasses • Sugarcane,,₹206.00,LINK,No
GB Roasters,Monsooned Malabar,,,,,,,,Custom,Dark Chocolate • Nutty,,₹206.00,LINK,No
Genetics Coffee,Jack Sparrow,Sakleshpur,"Hassan, Karnataka",1050,Single Estate,Arabica,,Aged,,Dark Chocolate • Molasses • Oak Barrel • Spiced Rum,,₹625.00,LINK,No
Genetics Coffee,Ibadat,Bison Estate,"Dindigul, Tamilnadu",1350,Single Estate,SLN - 9,Anaerobic,Natural,Omni Roast,Black Cherry • Bloos Orange • Cantaloupe • Wild Honey,SCA Cup Score:86.5,₹600.00,LINK,No
Genetics Coffee,Nargis,Orchardale,"Salem, Tamilnadu",1520,Single Estate,"SLN - 9, SLN - 795",Anaerobic,Natural,Omni Roast,Caramel • Dried Carnation • Mandarin Zest • Yellow Plum,SCA Cup Score:86.5,₹600.00,LINK,No
Genetics Coffee,Flores Blancas,Ratnagiri Estate,"Chikkamagaluru, Karnataka",1300,Single Estate,Catuai,Anaerobic Inoculation,Natural,Light,Bergamot • Dried Plum • Jasmine • Water Apple,SCA Cup Score:88.25,₹557.00,LINK,No
Genetics Coffee,Blossom Naturals,Ratnagiri Estate,"Chikkamagaluru, Karnataka",1300,Single Estate,Catuai,Anaerobic Inoculation,Natural,Light,Freesia • Lychee • Nectarine • Rose Florals • Tangerine Zest,"96 hours fermentation, SCA Cup Score:88",₹495.00,LINK,No
Genetics Coffee,SL-28 Thermal Shock,Ratnagiri Estate,"Chikkamagaluru, Karnataka",1300,Single Estate,SLN - 28,Anaerobic Inoculation Thermal Shock,,Light Medium,Biscotti • Concord Grapes • Maple Syrup • Tangerine,36 Hr Anaerobic with Yeast and Thermal Shock,₹495.00,LINK,No
Genetics Coffee,Mohabbat,Dimbada Estate,"Salem, Tamilnadu",950,Single Estate,Excelsa aka Liberica,Cofermentation,Natural,Medium,Dried Berries • Dried Figs • Prunes,"48 Hrs Anaerobic Coferment with Cashew Fruit, SCA Cup Score:87",₹495.00,LINK,No
Genetics Coffee,SL-28 CM Honey,Ratnagiri Estate,"Chikkamagaluru, Karnataka",1300,Single Estate,SLN - 28,Carbonic,Honey,Light Medium,Cranberry • Dark Chocolate • Litchi • Rose,SCA Cup Score:86,₹455.00,LINK,No
Genetics Coffee,Blossom Washed,Ratnagiri Estate,"Chikkamagaluru, Karnataka",1300,Single Estate,Catuai,Carbonic Inoculation,Washed,Light Medium,Litchi • Passion Fruit • Rose • Tangerine • Wild Honey,"90Hrs Sequential Yeast Culture, SCA Cup Score:87",₹455.00,LINK,No
Genetics Coffee,Excelsa Naturals,Dimbada Estate,"Salem, Tamilnadu",950,Single Estate,Excelsa aka Liberica,Anaerobic Inoculation,,Light Medium,Black Raisins • Dark Berries • Dried Prunes • Nougat,"110 Hr Sequential Fermentation, SCA Cup Score: 86",₹446.00,LINK,No
Genetics Coffee,Wat-o-Melon,Ratnagiri Estate,"Chikkamagaluru, Karnataka",1300,Single Estate,Catuai,Cofermentation,Natural,Light Medium,Blueberry • Dark Chocolate • Prunes,,₹375.00,LINK,No
Genetics Coffee,Love Blend,,,1300-1500,,"Catuai, SLN - 9",Anaerobic Inoculation,Washed,Medium,Candied Nuts • Dark Chocolate • Passion Fruit • Rose,SCA Cup Score:87,₹350.00,LINK,No
Genetics Coffee,Monsooned Malabar,,,,,SLN - 9,,Monsooned,Medium,Frosted Dark Chocolate • Molasses • Nuts,,₹280.00,LINK,No
Genetics Coffee,House Blend,Various,Karnataka,1200-1500,Blend,,,Washed,Medium,Caramel • Date • Milk Chocolate • Orange Peel,,₹280.00,LINK,No
Genetics Coffee,Paradise,Ratnagiri Estate,"Chikkamagaluru, Karnataka",1300,Single Estate,Catuai,Cofermentation,Natural,Light Medium,Grapes • Honey • Lemon Zest • Sweet Lime,48 Hr carbonic maceration with pineapple,₹195.00,LINK,No
Grey Soul,Pink Lemonade,Tsiese Estate,Nagaland,1350,Single Estate,Chandragiri SLN - 13,Anaerobic,Natural,Light,Citrus • Dried Figs • Green Grapes • Orange • Red Apple,,₹450.00,LINK,No
Grey Soul,Mogra,Ratnagiri Estate,"Chikkamagaluru, Karnataka",1300,Single Estate,SLN - 9,Anaerobic Inoculation,Natural,Light,Jasmine • Sweet Lime • Vanilla,,₹450.00,LINK,No
Grey Soul,The Yellow Lot,Ratnagiri Estate,"Chikkamagaluru, Karnataka",1300,Single Estate,SLN - 9,Anaerobic + Thermal Shock,Natural,Medium,Banana • Milk Chocolate • Tropical Fruit,,₹450.00,LINK,No
Grey Soul,Summer in Kodaikanal,St Joseph Estate,"Dindigul, Tamilnadu",1200,Single Estate,"Catuai, Chandragiri SLN - 13, SLN - 9",,Natural,Light,Cacao • Mandarin • Ripe Strawberries,,₹400.00,LINK,No
Grey Soul,Shevaroys Washed,PKC Kudiraipanjan Estate,"Salem, Tamilnadu",1400,Single Estate,"Catimor Arabica, SLN - 9",,Washed,Light Medium,Cacao Nibs • Green Grapes • Plum • Pomogranates,,₹400.00,LINK,No
Grey Soul,Raspberry in Loop,,"Chikkamagaluru, Karnataka",1280,,"Chandragiri SLN - 13, SLN - 795",Anaerobic,Natural,Medium,Mandarin • Milk Chocolate • Raspberry,"Anaerobic fermentation done in 3 stages for 72 hours , 48 hours and 24 hours consecutively. Eventually sun-dried on raised beds for a extended period.",₹400.00,LINK,No
Grey Soul,Strawberry in Loop,,"Chikkamagaluru, Karnataka",1370,Blend,Various,Various,Various,Medium,Milk Chocolate • Raspberry • Strawberry,,₹400.00,LINK,No
Grey Soul,Roaster Espresso,,"Chikkamagaluru, Karnataka",1200,Blend,"Chandragiri SLN - 13, SLN 5B, SLN - 9",,,Medium,Almonds • Chocolate • Red Berries,,₹400.00,LINK,No
Grey Soul,Odisha Fermented Naturals,Koraput Estate,"Koraput, Odisha",1100,Single Estate,"Chandragiri SLN - 13, SLN - 9",,Natural,Light,Maple Syrup • Plum • Pomogranate,,₹350.00,LINK,No
Grey Soul,Ultra Light Nagaland,"Mokochung, Nagaland",Nagaland,1350,Single Estate,"Chandragiri SLN - 13, SLN - 9",,Natural,Light,Cranberry • Kiwi • Mandarin • Tamarind,,₹350.00,LINK,No
Half Light,Banana Kent,Balanoor Estate,"Chikkamagaluru, Karnataka",1200,Single Estate,Kent,,Pulp Sun Dried,Medium,Cocoa • Jaggery • Plum,Honey is shade dried under banana leaves,₹288.00,LINK,Yes
Half Light,Salawara Naturals #02,Balur Estate,"Hassan, Karnataka",1035,Single Estate,"Chandragiri SLN - 13, SLN - 795",Anaerobic Inoculation,Natural,Light,Apricot • Strawberry,72 hour fermentation,₹280.00,LINK,Yes
Half Light,Tripura Hills,Jampui Hills,"North Tripura, Tripura",950,Single Estate,SLN - 5B,,Natural,Light Medium,Caramel • Toasted Nuts • White Chocolate,"Waribok Daribok is a specialized coffee producer-processor based in the Garo Hills of Meghalaya, India, known for producing high-quality specialty coffee, particularly through natural and experimental fermentation methods.",₹268.00,LINK,Yes
Half Light,MS Estate,MS Estate,"Chikkamagaluru, Karnataka",1400,Single Estate,SLN - 795,,Washed,Custom,Berries • Peach • Walnut,,₹240.00,LINK,Yes
Hebbey,anugra,Thogarihunkal,"Chikkamagaluru, Karnataka",1150,Single Estate,,Anaerobic,Natural,Light,Gingerbread • Plum • Wine,,₹230.00,LINK,No
Hebbey,Monsoon Malabar|Thogarihunkal Estate,Thogarihunkal,"Chikkamagaluru, Karnataka",1150,Single Estate,,,Natural + Monsooned,Light,Malt • Nuts • Spice,,₹210.00,LINK,No
Hebbey,Honey Processed Blend|Thogarihunkal Estate,Thogarihunkal,"Chikkamagaluru, Karnataka",1150,Single Estate,,,Honey + Washed,Light,Cinnamon • Jackfruit • Pineapple,,₹200.00,LINK,Yes
Hebbey,100% Arabica | Thogarihunkal Estate,Thogarihunkal,"Chikkamagaluru, Karnataka",1150,Single Estate,,,Washed,Light Medium,Cocoa • Orange Candy • Sweet Lime,,₹170.00,LINK,No
Hebbey,Arabica Robusta Blend | Thogarihunkal Estate,Thogarihunkal,"Chikkamagaluru, Karnataka",1150,Blend,,,Natural + Washed,Medium,Citrus • Grape • Marmalade,,₹170.00,LINK,No
Hermit Coffee,Sunrise Blend,,,,Blend,80% Arabica + 20% Robusta,,,Medium Dark,,,₹275.00,LINK,Yes
Hermit Coffee,Original Blend,Baarbara Estate,"Chikkamagaluru, Karnataka",1400,Single Estate,Arabica,,,Medium Dark,,,₹275.00,LINK,Yes
Hermit Coffee,Vienna Roast,,"Chikkamagaluru, Karnataka",,Blend,Arabica,,,Vienna Roast,,,₹275.00,LINK,Yes
Hermit Coffee,Monsooned Malabar,,"Chikkamagaluru, Karnataka",,,SLN - 795,,Monsooned,Medium,,,₹260.00,LINK,No
Hill Groove,Moganad Estate,"Venkids Valley Estate, Moganad Estate","Kodagu, Karnataka | Salem, Tamilnadu",1000-1300,,SLN - 9,,Pulp Sun Dried,Light,Jasmine • Peach • Tea,Double fermented,₹800.00,LINK,No
Hill Groove,Lithanro Partner Farms,Lithanro Partner Farms,"Wokha, Nagaland",1400,,"SLN - 9, SLN - 15",,Honey,Light,Plum • Tamarind,,₹400.00,LINK,No
Hill Groove,Ratnagiri Estate Estate,Ratnagiri Estate,"Chikkamagaluru, Karnataka",1300,Single Estate,Cauvery,Carbonic Inoculation Thermal Shock,Natural,Light,Cacao • Cherry • Pomogranate,"Another masterpiece from the Ratnagiri Estate estate, cherries with a Brix (sugar) of 24.9 when harvested were put in the Bio fermenters with a mix of different Lab grown cultures. The tanks were then purged with carbon dioxide gas, and the coffee was fermented for 60 hours. At the end of the fermentation the temperature of the Bio fermenter was increased to 47 degrees centigrade for 12 minutes before rapidly cooling the fermenter to 7 degrees centigrade, thereby allowing the coffee to be subjected to a thermal shock. After removing the coffee, it was then dried slowly with constant stirring over the next 27 days",₹400.00,LINK,No
Hill Groove,Ratnagiri Estate Estate,Ratnagiri Estate,"Chikkamagaluru, Karnataka",1300,Single Estate,Hemavathi,Carbonic Inoculation,Natural,Light,Dark Chocolate • Fermented Fruits • Fruit Cake,"A staggering 96-hour extended carbonic maceration natural processed coffee from Ratnagiri Estate estate. The Brix of the coffee cherries was 25.9 when harvested and they were put in the Bio fermenters with a mix of different Lab grown cultures. The tanks were then purged with carbon dioxide gas, and the coffee was fermented for 96 hours followed by slow drying for 31 days.",₹400.00,LINK,No
Hill Groove,Biccode Estate 32 Hrs Oro Fermented Naturals,Biccode Estate,"Chikkamagaluru, Karnataka",1180,Single Estate,SLN - 9,Anaerobic Inoculation,Natural,Light,Brown Sugar • Caramel • Citrus,,₹400.00,LINK,No
Hill Groove,Madhu Agro Estate - Sequentially Fermented,Madhu Agro Estate,"Koraput, Odisha",1000,Single Estate,Chandragiri SLN - 13,,Washed,Light,Milk Chocolate • Zest,,₹400.00,LINK,No
Hill Groove,Ratnagiri Estate Estate,Ratnagiri Estate,"Chikkamagaluru, Karnataka",1300,Single Estate,SLN - 9,Anaerobic Inoculation,Washed,Light,Chocolate • Pineapple • Raisin • Vanilla,"A truly experimental coffee from the hallowed farms of Ratnagiri Estate estate, these coffee cherries with a Brix (sugar) of 25.8, were put into large Bio fermenters. A particular strain of Saccharomyces yeast from the farm's terroir along with Lactic acid bacteria was added & allowed to ferment for 72 hours in a nitrogen rich environment followed by 23 days of drying.",₹400.00,LINK,No
Hill Groove,Madhu Agro Estate - Black Honey,Madhu Agro Estate,"Koraput, Odisha",1000,Single Estate,Chandragiri SLN - 13,,Honey,Light Medium,Caramel • Citrus,,₹400.00,LINK,No
Hill Groove,Salawara Estate - Anaerobic Yeast Naturals,Salawara Estate,"Hassan, Karnataka",1130,Single Estate,Excelsa aka Liberica,Anaerobic Inoculation,Natural,Light Medium,Berries • Stare Anise • Tropical Fruits,,₹400.00,LINK,No
Hill Groove,Orchardale Estate,Orchardadale,"Salem, Tamilnadu",1520,Microlot,"Sarchimor, SLN - 9",Anaerobic Inoculation,Natural,Light Medium,Blueberry • Dark Plum • Honey • Oolong Tea,"This microlot represents a masterclass in slow-motion biology. Hand-picked ripe cherries are submerged in anaerobic tanks for over 27 days (650+ hours). By utilizing Alternative (Alt) fermentation triggers—such as specific wine yeast strains or controlled lactic acid bacteria—the estate ""steers"" the flavor development. This Multi-Fermented approach often involves a two-stage process: an initial anaerobic phase to build sweetness, followed by a secondary phase to refine the acidity, before being slow-dried as a Natural on raised beds",₹400.00,LINK,No
Hill Groove,Stanmore Estate,Stanmore,"Salem, Tamilnadu",1300,Single Estate,"SLN - 9, SLN - 795",Anaerobic,Natural,Light Medium,Black Cherry • Jasmine • Rum,72 hour anearobic fermentation,₹400.00,LINK,No
Hill Groove,Salawara Estate - Anaerobic Yeast Washed,Salawara Estate,"Hassan, Karnataka",1130,Single Estate,SLN - 795,Anaerobic Inoculation,Washed,Light Medium,Citrus Fruit • Milk Chocolate,,₹400.00,LINK,No
Hill Groove,Ratnagiri Estate Estate,Ratnagiri Estate,"Chikkamagaluru, Karnataka",1300,Single Estate,Catuai,Carbonic Inoculation,Natural,Medium,Berries • Dark Chocolate • Stone Fruit,This is a 72-hour extended terroir yeast and lactic fermented natural processed coffee. The Brix of the coffee cherries was 25.8 when harvested and they were put into Bio fermenters with a particular strain of Saccharomyces yeast from the farm's terroir and allowed to ferment for 72 hours in a carbon dioxide rich environment. After removing the coffee was directly put on raised beds for drying for 31 days,₹400.00,LINK,No
Hill Groove,Mooleh Manay,Mooley Manay Estate,"Kodagu, Karnataka",1000,,Excelsa aka Liberica,,Natural,Medium,Banana • Guava • Lychee • Pink Guava,,₹400.00,LINK,No
Hill Groove,Harley Estate Natural Maceration,Harley Estate,"Hassan, Karnataka",1130,Single Estate,SLN - 9,Carbonic,Natural,Medium,Fermented Grapes • Raisin • Sweet Lime,,₹400.00,LINK,No
Hill Groove,Bison Valley Estate,Bison Estate,"Dindigul, Tamilnadu",1350,,"SLN - 9, SLN - 795",Anaerobic,Natural,Medium,Black Berry • Raisin • Rum,900-hour extended fermentation. Utilizing Alternative (Alt) microbial starters,₹400.00,LINK,No
Hill Groove,Biccode Estate 42 Hrs Anaerobic Fermented Washed,Biccode Estate,"Chikkamagaluru, Karnataka",1180,Single Estate,Catimor Arabica,Anaerobic,Washed,Medium,Caramel • Chocolate • Citrus • Nuts,,₹400.00,LINK,No
Hill Groove,Sai Ashirwad Estate,Sai Ashirwad Estate,"Chikkamagaluru, Karnataka",1100,Single Estate,Robusta CxR,Anaerobic,Natural,Medium Dark,Dark Chocolate • Cherry • Fig,,₹400.00,LINK,No
Hill Groove,Harley Estate Saccharobrew,Harley Estate,"Hassan, Karnataka",1130,Single Estate,SLN - 9,Anaerobic Inoculation,Natural,Medium Dark,Berries • Dark Fruits • Sugarcane,,₹400.00,LINK,No
Hill Tiller,Deep Dark Secrets,Orchardadale,"Salem, Tamilnadu",1520,Single Estate,"SLN - 9, SLN - 795",,Natural,Light Medium,Agave • Goji Berries • Rum,,₹265.00,LINK,Yes
Hill Tiller,Berry Blast,Orchardadale,"Salem, Tamilnadu",1520,Single Estate,Arabica,Anaerobic,Natural,Medium,Black Grapes • Dark Chocolate • Dark Raisins • Honey,,₹265.00,LINK,Yes
Hill Tiller,Limoncello Afternoons,Stanmore,"Salem, Tamilnadu",1300,Single Estate,Arabica,Cofermentation,Natural,Medium,Caramelized Toffee • Milk Chocolate • Raisin,Cofermented with local lemons,₹265.00,LINK,Yes
Hill Tiller,Pineapple Express,Orchardadale,"Salem, Tamilnadu",1520,Single Estate,Arabica,Cofermentation,Natural,Medium,,Cofermented with Pineapple,₹265.00,LINK,Yes
Hill Tiller,Toffee Bliss,Bison Estate,"Dindigul, Tamilnadu",1350,Single Estate,Arabica,,Natural,Medium,Honey • Maple Syrup • Toffee,,₹265.00,LINK,Yes
Hill Tiller,Jacaranda Tales,Stanmore,"Salem, Tamilnadu",1300,Single Estate,Arabica,,Natural,Medium,Berries • Raspberry Pulp • Yoghurt,,₹265.00,LINK,Yes
Hill Tiller,Gowri Estate,Gowri Estate,"Salem, Tamilnadu",1430,Single Estate,Arabica,,Washed,Dark,Almonds • Chocolate • Zesty Orange,Double fermented,₹230.00,LINK,Yes
Hill Tiller,Brown Sugar,Bison Estate,"Dindigul, Tamilnadu",1350,Single Estate,Arabica,Osmotic,Natural,Medium,Lemon • Sweet Lime,Using a unique fermentation process involving raw brown sugar,₹230.00,LINK,Yes
Hill Tiller,Marmalade,Stanmore,"Salem, Tamilnadu",1300,Single Estate,Arabica,,Washed,Medium,Marmalade,,₹230.00,LINK,Yes
Hill Tiller,Orchardale Gold,Orchardadale,"Salem, Tamilnadu",1520,Single Estate,Arabica,,,Medium,,Blend,₹220.00,LINK,No
Hill Tiller,Stanmore Gold,Stanmore,"Salem, Tamilnadu",1300,Single Estate,,,,Medium,,Blend,₹220.00,LINK,No
Hill Tiller,Old Gold,Moganad Estate,"Salem, Tamilnadu",1220,Single Estate,Robusta,,Pulp Sun Dried,Medium,,,₹200.00,LINK,Yes
Hill Tiller,Rocket Fuel,Moganad Estate,"Salem, Tamilnadu",1220,Single Estate,Arabica + Robusta,,,Dark,Cocoa • Exotic Fruits,Blend,₹160.00,LINK,No
Home Blend Coffee,Cask Reserve Barrel Aged,,"Chikkamagaluru, Karnataka",,Blend,Arabica,,Washed + Aged,Medium,Grapes • Malt,Aged in French wine barrels,₹304.00,LINK,No
Home Blend Coffee,Monsooned Malabar,,,,,Arabica,,Monsooned,Custom,,Monsooned for 3 months,₹280.00,LINK,Yes
Home Blend Coffee,Mysore Nuggets Extra Bold AAA,,"Chikkamagaluru, Karnataka",1100 - 1500,Blend,Arabica,,Washed,Custom,Citrus • Cocoa,,₹260.00,LINK,Yes
Home Blend Coffee,Bettadamalali Estate,Bettadamalali Estate,"Chikkamagaluru, Karnataka",1350,Single Estate,SLN - 795,,Washed,Custom,Dark Chocolate • Citrus • Jaggery • Honey,,₹240.00,LINK,No
Home Blend Coffee,Araku Valley,Araku,"Alluri Sitharama Raju, Andhra Pradesh",1350,Microlot,SLN - 795,,Washed,Custom,Citrus • Jaggery • Milk Chocolate,,₹240.00,LINK,No
Home Blend Coffee,Gemblary Estate,Gemblary,"Salem, Tamilnadu",1410,Single Estate,SLN - 795,,Washed,Custom,Cocoa • Dried Fruit • Nutty,,₹240.00,LINK,No
Home Blend Coffee,Unnaki Estate,Unnaki Estate,"Chikkamagaluru, Karnataka",1130-1370,Single Estate,Chandragiri SLN - 13,,Natural,Medium,Apricot • Cane Sugar • Honey,,₹240.00,LINK,No
Home Blend Coffee,Custom Roast Arabica AAA Cherry AAA,,"Chikkamagaluru, Kodagu, Karnataka",1100-1500,Blend,80% Arabica + 20% Robusta,,Washed,Custom,,Mysore Nuggets Arabica AAA bean,₹216.00,LINK,Yes
Home Blend Coffee,French Roast,,"Chikkamagaluru, Karnataka",1500,,Arabica,,Washed,French Roast,Cocoa • Oak,,₹216.00,LINK,Yes
Home Blend Coffee,Italian Roast,,"Chikkamagaluru, Karnataka",1500,,Arabica,,Washed,Italian Roast,Cocoa • Oak,,₹216.00,LINK,Yes
Home Blend Coffee,Vienna Roast,,"Chikkamagaluru, Karnataka",1500,,Arabica,,Washed,Vienna Roast,Cocoa • Oak,,₹216.00,LINK,Yes
Humble Express,Smokey Malt,Ponnathmotte Estate,"Kodagu, Karnataka",1100,Single Estate,Arabica,,Washed + Aged,Medium,Chocolate • Malt • Whiskey,Aged in whiskey barrels,₹400.00,LINK,No
Humble Express,Golden Drift,Udaygiri Estate,"Chikkamagaluru, Karnataka",1220,Single Estate,Arabica,Cofermentation,,Medium,Caramel • Pineapple • Vanilla,Cofermented with Pineapple,₹348.00,LINK,No
Humble Express,Tropical Melon,Hoysala Estate,"Chikkamagaluru, Karnataka",1000,Microlot,Arabica,,Natural,Medium,Musk Melon • Toasted Caramel,,₹292.00,LINK,No
Humble Express,Unwind,,"Chikkamagaluru, Kodagu, Karnataka",1300,Blend,Arabica,,Natural + Washed,Medium,Milk Chocolate • Toasted Nuts,,₹292.00,LINK,No
Humble Express,Bright Star,Lalithadri Estate,"Chikkamagaluru, Karnataka",1100,Microlot,Arabica,,Natural,Medium Dark,Berry • Orange Candy,,₹292.00,LINK,No
Humble Express,Dare Devil,Ponnathmotte Estate,"Kodagu, Karnataka",1100,Blend,Arabica + Robusta,,Washed,Dark,Caramel,,₹256.00,LINK,No
Humble Express,AM:PM,"Ponnathmotte Estate, Udaygiri Estate","Kodagu, Chikkamagaluru, Karnataka",1100-1220,Blend,Arabica + Robusta,,Natural + Washed,Medium Dark,Milk Chocolate • Nutty • Toffee,,₹256.00,LINK,No
Hunkal Estate,Aranya Gold,Thogarihunkal,"Chikkamagaluru, Karnataka",1150,Single Estate,Arabica,,,Medium,Berries • Citrus,,₹126.00,LINK,No
Hunkal Estate,Tiger Reserve,Thogarihunkal,"Chikkamagaluru, Karnataka",1150,Single Estate,"Chandragiri SLN - 13, Robusta SLN - 274",,,Medium,Caramel • Dark Chocolate,80% Arabica + 20% Robusta,₹116.00,LINK,No
KapiKottai,Nalinakanti,Ram Estate,"Dindigul, Tamilnadu",1200,Single Estate,SLN - 9,Carbonic,Pulp Sun Dried,Light,Lychee • Raisin • Rosewater,"While the total fermentation time was 160 hrs, this was split between pre and post pulping. The cherries were fermented in a steel barrel with CO2 being pumped in. They were then taken out, pulped and then fermented again in similar conditionstill a total time of 160 hrs was reached.",₹500.00,LINK,Yes
KapiKottai,Hamsanadam,Perumpallam Village,"Dindigul, Tamilnadu",1600,Single Estate,Chandragiri SLN - 13,,Washed,Light Medium,Lemon Candy • Milk Chocolate,,₹380.00,LINK,Yes
KapiKottai,Kilpauk Standard,"Coorg, Yercaud","Kodagu, Karnataka | Salem, Tamilnadu",,Blend,,,Natural + Washed,Medium Dark,Chocolate • Fruity • Hazelnut,"80% washed, 20% Natural",₹260.00,LINK,Yes
Kat and Kin,Kodai Reserve,Anugraha Estate,"Dindigul, Tamilnadu",1750,Single Estate,Arabica,Anaerobic,Natural,Medium,Pomogranate • Raspberry,,₹690.00,LINK,No
Kat and Kin,Sarchimor,,"Dindigul, Tamilnadu",,,Sarchimor,,Washed,Medium,Honeycomb • Toasted Almond • Vanilla Butter,,₹630.00,LINK,No
Kat and Kin,Kodai Natural,Anugraha Estate,"Dindigul, Tamilnadu",1750,Single Estate,Arabica,,Natural,Medium,Caramel • Hazelnut • Vanilla,,₹550.00,LINK,No
Kat and Kin,Shieldtail,Kerehaklu Estate,"Chikkamagaluru, Karnataka",1200,Single Estate,Arabica,,Washed,Medium,Dark Chocolate • Lime,,₹520.00,LINK,No
Kat and Kin,Monsooned Malabar,,,,,Arabica,,Monsooned,Light,Cocoa Nibs • Spices,,₹400.00,LINK,No
Kat and Kin,Dark Noon,MS Estate,"Chikkamagaluru, Karnataka",1400,Single Estate,Arabica,,Washed,Dark,Cherries • Cocoa Nibs • Walnuts,,₹370.00,LINK,No
Kat and Kin,Espresso Blend,Balanoor Estate,"Kodagu, Karnataka",1400,Blend,Arabica,,Washed,Medium,Coffee Blossoms • Grapefruit,,₹370.00,LINK,No
Korebi,The Bourbon,Mudigere,"Chikkamagaluru, Karnataka",1400,Single Estate,Arabica,,Aged,Medium,Maple • Malt • Prunes • Vanilla,Aged in whiskey barrels,₹400.00,LINK,No
Korebi,Moganad Estate,Moganad Estate,"Salem, Tamilnadu",1220,Microlot,Arabica,,Honey,Medium,Cocoa • Hazelnut • Rum • Toffee,,₹400.00,LINK,No
Korebi,Baarbara Estate,Baarbara Estate,"Chikkamagaluru, Karnataka",1400,Single Estate,Arabica,,Honey,Medium,Cacao Nibs • Citrus • Melon • Nutmeg,,₹400.00,LINK,No
Korebi,Golden Toast,Sidrigavi Estate,"Chikkamagaluru, Karnataka",1650,Microlot,Arabica,,Natural,Medium,Cacao Nibs • Molasses • Roasted Almond,,₹400.00,LINK,No
Korebi,Sidregavi Estate,Sidrigavi Estate,"Chikkamagaluru, Karnataka",1650,Microlot,Arabica,,Natural,Medium,Cocoa • Roasted Walnuts • Sweey Spices,,₹400.00,LINK,No
Korebi,Bubble Bliss,,"Chikkamagaluru, Karnataka",1550,Microlot,Arabica,Anaerobic,,Medium,Dragon Fruit • Sweet Cranberry • White Raisin,,₹400.00,LINK,No
Korebi,Pineapple Express,Baarbara Estate,"Chikkamagaluru, Karnataka",1400,Microlot,Arabica,Cofermentation,,Medium,Doughnut Peach • Intense Tropical Stone Fruits • Forest Honey • Green Apple,,₹400.00,LINK,No
Korebi,Kanabi,Mudigere,"Chikkamagaluru, Karnataka",1400,Single Estate,Arabica,,Washed,Medium Dark,Nuts • Pear,Cannamar hemp seel oil is incorporated in the coffee,₹400.00,LINK,No
Korebi,Melkodige Estate,Melkodige Estate,"Chikkamagaluru, Karnataka",1250,Microlot,Arabica,Anaerobic Inoculation,,Medium Dark,Almond Biscotti • Caramel • Hint of Tangerine,,₹400.00,LINK,No
Korebi,Tropical Haze,Mudigere,"Chikkamagaluru, Karnataka",1400,Single Estate,Arabica,,Washed,Medium,Cashew Apple • Forest Honey • White Floral,,₹300.00,LINK,No
Korebi,Espresso Intenso,,,1100-1300,Blend,80% Arabica + 20% Robusta,,Natural + Washed,Dark,Chocolate,,₹240.00,LINK,No
Korebi,Espresso Blend,,,1100-1300,Blend,80% Arabica + 20% Robusta,,Natural + Washed,Medium Dark,Caramel • Plum,,₹240.00,LINK,No
Korebi,The Dark Side,Mudigere,"Chikkamagaluru, Karnataka",1400,Blend,Arabica,,Washed,Dark,Caramel • Dark Chocolate • Toasted Sesame,,₹200.00,LINK,No
Korebi,Wabi,Mudigere,"Chikkamagaluru, Karnataka",1400,Blend,Arabica,,Washed,Medium Dark,Cacao • Mulberry • Roasted Nuts,,₹200.00,LINK,No
Korebi,Southern Blend,,,,Blend,60% Arabica + 40% Robusta,,Natural + Washed,Medium Dark,,,₹120.00,LINK,No
Los Locos,Mulberry'96,,Himachal Pradesh,1350,,Chandragiri SLN - 13,Mosto,,Medium,Jamun • Litchi • Seabuck,,₹358.00,LINK,No
Los Locos,Rubies N' Rum,,,1200-1400,Blend,"Cauvery, SLN - 9",,Natural,Light + Dark,Berries • Caramel • Rum,Blended post roast,₹276.00,LINK,Yes
Los Locos,Cherry AA,,Odisha,1200,,SLN - 795,,Natural,Light Medium,Maple Syrup • Plum • Wild Strawberry,,₹276.00,LINK,Yes
Los Locos,Peaberry Mania,,,1200-1400,,"SLN - 5, SLN - 9, Chandragiri SLN - 13",,Funk,Medium,Grapefruit • Hazelnuts • Pineapple,Using inhouse processing method called funk,₹276.00,LINK,Yes
Los Locos,MAAD City Roast,,Odisha | Andra Pradesh,900-1250,Blend,"Chandragiri SLN - 13, SLN - 9",,Natural + Washed,Dark,Caramel • Prunes • Raisin,,₹236.00,LINK,Yes
Los Locos,Yellow Honey AA,,Odisha,1200,,SLN - 9,,Honey,Medium,Figs • Kacha Aam • White Wine,,₹236.00,LINK,Yes
Los Locos,Locos City Roast,,Odisha,1200,,Cauvery,,Washed,Medium Dark,Almond • Cocoa • Date,,₹236.00,LINK,Yes
Maverick and Farmer,Mooley Manay,Mooley Manay Estate,"Kodagu, Karnataka",1000,Single Estate,Liberica aka Excelsa,Anaerobic,Natural,Medium,Complex Berries • Lychee • Sweet Cherry,,₹320.00,LINK,No
Maverick and Farmer,Ol'Smoky,Polibetta,"Kodagu, Karnataka",,Microlot,,,Washed,Light Medium,Roasted Spice • Sweet Smoke,Washed beans are cold smoked for 14 hours before drying,₹280.00,LINK,No
Maverick and Farmer,Clouds In My Coffee,Polibetta,"Kodagu, Karnataka",,Single Estate,,,Washed + Monsooned,Light Medium,Nuts • Spice,Green beans are stored near the malabar coast for a few months to absorb sea air,₹280.00,LINK,Yes
Maverick and Farmer,Modur Natural,Modur,"Kodagu, Karnataka",1000,Single Estate,,,Natural,Medium Dark,Green Apple • Sweet Cherry,,₹280.00,LINK,No
Maverick and Farmer,Say Hello to Mellow,Polibetta,"Kodagu, Karnataka",,Single Estate,,,Washed,Light,Banana • Berry,,₹272.00,LINK,Yes
Maverick and Farmer,Rohan Bopanna's Master Blend,Polibetta,"Kodagu, Karnataka",,Single Estate,,,Honey + Washed,Medium Dark,Toffee,The arabica from the same estate is processed in two different ways to give this coffee an interesting body and a clean flavour.,₹272.00,LINK,No
Maverick and Farmer,Parama Dark,Polibetta,"Kodagu, Karnataka",,Blend,,,Honey + Natural + Washed,Dark,Caramel • Dark Chocolate,"Blend of 92% Arabica and 8% Robusta,",₹264.00,LINK,No
Maverick and Farmer,Tall Dark Handsome,Polibetta,"Kodagu, Karnataka",,Single Estate,,,Washed + Smoked,Dark,,,₹260.00,LINK,Yes
Maverick and Farmer,Orange You Curious,Polibetta,"Kodagu, Karnataka",,Single Estate,,Cofermentation,Washed,Light Medium,Cherry Wine • Citrus,After washing beans are fermented in orange juice,₹260.00,LINK,No
Maverick and Farmer,Parama,Polibetta,"Kodagu, Karnataka",,Blend,,,Honey + Natural + Washed,Medium Dark,Caramel • Chocolate,"Blend of 92% Arabica and 8% Robusta,",₹260.00,LINK,Yes
Maverick and Farmer,Sunkissed,Polibetta,"Kodagu, Karnataka",,Single Estate,Robusta,,Honey,Dark,Buttercup • Citrus • Fruity,,₹248.00,LINK,No
Maverick and Farmer,Deep Bliss,Polibetta,"Kodagu, Karnataka",,Single Estate,,,Natural + Washed,Dark,Dark Chocolate,Blend of Arabica and Robusta,₹248.00,LINK,No
Mokka Farms,Monsoon Malabar,,,,,,,Monsooned,Custom,,,₹220.00,LINK,Yes
Mokka Farms,Robusta Kaapi Royale,,"Chikkamagaluru, Karnataka",,,Robusta,,,Custom,,,₹162.00,LINK,Yes
Mokka Farms,100% Arabica,,"Chikkamagaluru, Kodagu, Karnataka",,,Arabica,,,Custom,,,₹156.00,LINK,Yes
Mokka Farms,"80% Arabica, 20% Robusta",,"Chikkamagaluru, Kodagu, Karnataka",,,80% Arabica + 20% Robusta,,,Custom,,,₹148.00,LINK,Yes
Mokka Farms,"70% Arabica, 30% Robusta",,"Chikkamagaluru, Kodagu, Karnataka",,,70% Arabica + 30% Robusta,,,Custom,,,₹146.00,LINK,No
Mokka Farms,"50% Arabica, 50% Robusta",,"Chikkamagaluru, Kodagu, Karnataka",,,50% Arabica + 50% Robusta,,,Custom,,,₹138.00,LINK,No
Mokka Farms,"30% Arabica, 70% Robusta",,"Chikkamagaluru, Kodagu, Karnataka",,,30% Arabica + 70% Robusta,,,Custom,,,₹132.00,LINK,No
Mokka Farms,100% Robusta,,"Chikkamagaluru, Kodagu, Karnataka",,,Robusta,,Natural,Custom,,,₹118.00,LINK,Yes
Naivo,Slainte,Harley Estate,"Hassan, Karnataka",1130,Single Estate,SLN - 9,Aged,Natural,Light,Black Currant • Dark Rum • Jujube,"At Harley Estate, the process of creating this whiskey barrel-aged coffee begins with the careful selection of Selection 9 coffee cherries. These cherries are then aged for 8 – 10 weeks in Amrut Whiskey Barrels, where they absorb the rich boozy aromas and flavors. After aging, the cherries are removed and dried on raised beds",₹396.00,LINK,No
Naivo,Salud,Harley Estate,"Hassan, Karnataka",1130,Single Estate,SLN - 9,Aged,Natural,Omni Roast,Amla • Orange Peel • Walnut,"At Harley Estate, the process of creating this rum barrel-aged coffee begins with the careful selection of Selection 9 coffee cherries. These cherries are then aged for 8 – 10 weeks in rum barrels, where they absorb the rich boozy aromas and flavors. After aging, the cherries are removed and dried on raised beds, accentuating their development and enhancing their unique flavor profile.",₹380.00,LINK,No
Naivo,Ratnagiri Estate Estate - Dark Room Naturals,Ratnagiri Estate,"Chikkamagaluru, Karnataka",1300,Single Estate,Chandragiri SLN - 13,Anaerobic Inoculation Thermal Shock,Natural - Dark Room,Medium Dark,Bing Cherries • Blackberries • Geen Apple • Pink Guava,"Thermal shock was applied directly to cherries before fermentation, creating rapid cellular stress that primes sugars for microbial activity. The cherries then underwent a 48-hour controlled fermentation inoculated with lactic acid bacteria (LAB), ensuring predictable acidity and flavor development. Post-fermentation, they were dried in a dark room for 12 days—an approach that minimizes UV degradation, stabilizes moisture migration, and locks in layered complexity without compromising structural integrity.",₹358.00,LINK,No
Naivo,Kraken Jam,Orchardale,"Salem, Tamilnadu",1520,Single Estate,"SLN - 9, SLN - 795",,Natural,Medium Dark,Blueberry Jam • Dried Figs • Papaya • Wild Honey,,₹356.00,LINK,No
Naivo,Ratnagiri Estate Estate - LAB Processed Naturals,Ratnagiri Estate,"Chikkamagaluru, Karnataka",1300,Single Estate,Catuai,Anaerobic Inoculation,Natural,Medium Dark,Figs • Pineapple • Prunes • Starfruit,,₹354.00,LINK,No
Naivo,Ratnagiri Estate Estate - Culture Naturals Jasmine,Ratnagiri Estate,"Chikkamagaluru, Karnataka",1300,Single Estate,Catuai,Anaerobic Inoculation,Natural,Light,Bubblegum • Jasmine • Magnolia • Tuberose,"Cherries underwent a controlled 52-hour anaerobic fermentation in sealed bio-fermenters using selected lab-cultured microbes to enhance flavor development. Following fermentation, the coffee was dried on raised beds for 27 days",₹342.00,LINK,No
Naivo,Ratnagiri Estate Estate - Culture Naturals Rose,Ratnagiri Estate,"Chikkamagaluru, Karnataka",1300,Single Estate,SLN - 9,Anaerobic Inoculation,Natural,Light,Lychee • Rosewater • Squash Melons • Watermelon,,₹338.00,LINK,No
Naivo,Tropical Splash,Baarbara Estate,"Chikkamagaluru, Karnataka",1400,Single Estate,SLN - 795,Cofermentation,Washed,Medium Dark,Blood Orange • Dried Mango • Mosambi • Pineapple,"Only perfectly ripe cherries are harvested and pulped to remove the outer skin while keeping the mucilage intact. The parchment is then transferred into fermentation tanks along with freshly cut pineapple. During this stage, both the coffee mucilage and the fruit undergo natural breakdown, driving active microbial processes. The sugars and enzymes from the pineapple integrate with those of the coffee, enhancing sweetness and amplifying bright, fruity characteristics. Fermentation continues until both components decompose into a complex mixture of flavorful compounds. Once the target profile is reached, the coffee is carefully washed and laid out to dry under controlled sunlight",₹316.00,LINK,No
Naivo,Pichia Parables,Harley Estate,"Hassan, Karnataka",1130,Single Estate,SLN - 9,Anaerobic Inoculation,Natural,Medium Dark,Figs • Mango • Mosambi • Walnut,"Pichia yeast was introduced and the lot was fermented under controlled conditions for 36 hours, allowing fruit sugars to be converted into aroma-active compounds. This process enhanced ester formation, organic acid development, and glycerol production, contributing to brighter fruit expression, a smoother texture, and improved consistency. After fermentation, the coffee was shade dried for 24 days,",₹306.00,LINK,No
Naivo,Currant Affairs,Karadykan Estate,"Chikkamagaluru, Karnataka",1050,Single Estate,"Catimor Arabica, SLN - 795",Osmotic,Natural,Omni Roast,Apricot • Black Currant • Blackberries • Hazelnut,"Fully ripe cherries were harvested and fermented with unrefined natural sugars, allowing the sugars and mucilage to interact and enhance flavor development",₹290.00,LINK,No
Naivo,Mooleh Manay Honey,Nakoor Village,"Kodagu, Karnataka",1000,Single Estate,"Chandragiri SLN - 13, SLN - 6, SLN - 9",,Honey,Medium Dark,Cane Sugar • Caramel • Milk Chocolate,,₹274.00,LINK,No
Naivo,Balanoor Vontekad,Balanoor Estate,"Chikkamagaluru, Karnataka",1400,Single Estate,SLN - 795,,Washed,Light Medium,Citrus Blossom • Golden Raisin • Honeydew,,₹272.00,LINK,No
Naivo,Berry Dawn - Baarbara Dual-Phase Natural,Baarbara Estate,"Chikkamagaluru, Karnataka",1400,Single Estate,SLN - 795,,Natural,Omni Roast,Clove • Mulberry • Red Grapes • Strawberry,"Handpicked cherries at peak ripeness undergo an initial fermentation in whole cherry form, building deep fruit character. They are then pulped, and the parchment with mucilage enters a second fermentation stage to refine body, clarity, and complexity. Following fermentation, the coffee is washed and sun-dried on raised beds until optimal moisture is reached.",₹272.00,LINK,No
Naivo,Ratnagiri Estate Estate - Robusta Mosto Naturals,Ratnagiri Estate,"Chikkamagaluru, Karnataka",1300,Single Estate,Robusta CxR,Mosto,Natural,Omni Roast,Dried Mango • Jackfruit • Nutmeg • Sweet Cream,"Ripe CxR Robusta cherries are sealed in bio-fermenters for 48 hours of anaerobic fermentation, inoculated with an Arabica mosto culture—a liquid starter derived from the mucilage and juice of fermented Arabica cherries. This culture is rich in wild yeasts, bacteria, and enzymes, and acts as a catalyst, shaping the microbial environment to drive complex flavor development. After fermentation, cherries are dried on raised beds for 28 days as a natural, locking in structure and intensity. The process delivers a robust cup with clarity and layered expression.",₹268.00,LINK,No
Naivo,Dragon Jam,Kolli Beri Estate,"Chikkamagaluru, Karnataka",1032-1112,Single Estate,"Chandragiri SLN - 13, SLN - 6, SLN - 9, SLN - 795",Anaerobic,Natural,Omni Roast,Barbados Cherry • Dragon Fruit • Jamun • Mixed Fruit Jam •,"Post-fermentation, drying was carried out in two stages: seven days under shade, followed by 21 days in the sun, with protection from direct exposure during the peak heat of the day. This careful sequence of fermentation and drying preserves fruit integrity, accentuates sweetness, and delivers a clean, complex expression of the anaerobic process.",₹266.00,LINK,No
Naivo,Maillard's Dream,Kerehaklu Estate,"Chikkamagaluru, Karnataka",1200,Single Estate,Robusta TR9,Mosto,Natural,Omni Roast,Butter Cookies • Cashew • Malt • Pastry,TR9 Robusta cherries underwent a mosto-cultured natural fermentation designed to intensify sweetness and complexity. Mosto — a fermentation starter derived from previous coffee fermentations — was introduced in sealed drums and allowed to ferment under anoxic conditions for 62 hours.,₹262.00,LINK,No
Naivo,Dunduga Estate Naturals,Dunduga Estate,"Chikkamagaluru, Karnataka",1010,Single Estate,Chandragiri SLN - 13,,Natural,Omni Roast,Passion Fruit • Pistachio • Tutti Fruity,,₹260.00,LINK,No
Naivo,Unakki Dark Honey,Unnaki Estate,"Chikkamagaluru, Karnataka",1130-1370,Single Estate,Chandragiri SLN - 13,,Honey,Medium Dark,Dried Berries • Lychee • Stone Fruit,"Initially, only the ripest cherries are carefully selected for harvest. These cherries are then packed for a day in vacuum bags, allowing controlled fermentation that enhances their intrinsic flavors. Following this step, the cherries are pulped without the addition of water, preserving the natural sugars and mucilage around the beans. The beans then undergo a drying process lasting 9-10 days, where they are sun-dried to develop a rich and complex profile.",₹258.00,LINK,No
Naivo,Ratnagiri Estate Estate - Double Washed Classic,Ratnagiri Estate,"Chikkamagaluru, Karnataka",1300,Single Estate,SLN - 9,,Washed,Omni Roast,Citrus Blossom • Licorice • Roasted Pecan • Tea Rose,"Ripe cherries were pulped to remove skin and pulp, leaving beans with mucilage intact. The first fermentation began, breaking down mucilage before the beans were thoroughly washed. A second controlled fermentation followed, ensuring every remaining layer was dissolved. After another wash, the parchment was left clean. Finally, the produce was dried slowly on raised beds under the mountain sun until moisture stabilized. The double washed method delivers a cup that is bold, clean, and juicy.",₹258.00,LINK,No
Naivo,Attikan White Mist,Attikan Estate,"Chamrajanagar, Karnataka",1650,Single Estate,SLN - 9,,Washed,Medium Dark,Baker's Chocolate • Cedar • Roasted Nuts,,₹252.00,LINK,No
Naivo,Dunduga Estate Washed,Dunduga Estate,"Chikkamagaluru, Karnataka",1010,Single Estate,Chandragiri SLN - 13,,Washed,Omni Roast,Black Pepper • Malt • Tobacco,,₹250.00,LINK,No
Naivo,Seethargundu Estate Washed,Seethargundu Estate,"Palakkad, Kerala",1070,Single Estate,SLN - 9,,Washed,Light,Orange Zest • Simple Syrup • Walnut,,₹246.00,LINK,No
Naivo,Unakki Dark Honey,Unnaki Estate,"Chikkamagaluru, Karnataka",1130-1370,Single Estate,Chandragiri SLN - 13,,Washed,Omni Roast,Apricot • Cane Sugar • Honey,,₹244.00,LINK,No
Naivo,Kolli Berri Washed,Kolli Beri Estate,"Chikkamagaluru, Karnataka",1032-1112,Single Estate,SLN - 795,,Washed,Omni Roast,Dark Chocolate • Malt • Prunes,,₹238.00,LINK,No
Naivo,Monsoon Malabar AA,,Karnataka,1000-1500,Blend,Various,,Monsooned,Omni Roast,Dark Chocolate,Monosooned for 12 to 16 weeks,₹236.00,LINK,No
Naivo,Balanoor Chandragiri Washed,Balanoor Estate,"Chikkamagaluru, Karnataka",1400,Single Estate,Chandragiri SLN - 13,,Washed,Light Medium,Almonds • Floral • Gooseberries,,₹234.00,LINK,No
Naivo,Bettadamalali Estate Washed,Bettadamalali Estate,"Chikkamagaluru, Karnataka",1350,Single Estate,SLN - 795,,Washed,Medium Dark,Cocoa • Honey • Roasted Nuts,,₹232.00,LINK,No
Naivo,The Nut Job – Mooleh Manay 120H Carbonic Naturals – Fine Robusta,Nakoor Village,"Kodagu, Karnataka",1000,Single Estate,Robusta CxR,Anaerobic Inoculation,Natural,Medium Dark,Cinnamon • Nerium • Pecan • Roasted Jackfruit Seed,,₹218.00,LINK,No
Naivo,Venkids Valley Washed - Robusta,Venkids Valley Estate,"Kodagu, Karnataka",1000,Single Estate,Old Peradeniya Robusta + Robusta CxR,,Washed,Omni Roast,Cardamom • Dark Chocolate • Nutmeg,,₹218.00,LINK,No
Naivo,Harley Kaapi Royale,Harley Estate,"Hassan, Karnataka",1130,Single Estate,Old Peradeniya Robusta,,Washed,Medium Dark,Caramel • Milk Chocolate • Sweet Cream,,₹212.00,LINK,No
Naivo,Sweet Illusions – BEWILD Permaculture 180H Anoxic Naturals – Fine Robusta,Poomale Estate,"Kodagu, Karnataka",1050,Single Estate,Old Peradeniya Robusta,Anaerobic Inoculation,Natural,Omni Roast,Champakalli • Cherry • Jasmine • Red Mace,,₹210.00,LINK,No
Naivo,Cashew & Barley Sugars,Kerehaklu Estate,"Chikkamagaluru, Karnataka",1200,Single Estate,Robusta CxR,Anaerobic Inoculation,Natural,Omni Roast,Barley Sugar • Ginger • Roasted Cashews • White Pepper,,₹204.00,LINK,No
Naivo,BEWILD Anoxic Naturals,Poomale Estate,"Kodagu, Karnataka",1050,Single Estate,Old Peradeniya Robusta,Anaerobic,Natural,Omni Roast,Clove • Jackfruit • Nutmeg,,₹188.00,LINK,No
Naivo,SKIA Red Honey - Fine Robusta,,"Kodagu, Karnataka",1010,,Robusta CxR,,Honey,Omni Roast,Chocolate Brownie • Cumin • Vanilla,,₹176.00,LINK,No
Quick Brown Fox,Attikan Estate Wild Gooseberry Honey,Attikan Estate,"Chamrajanagar, Karnataka",1400,Microlot,SLN - 795,Cofermentation,Honey,Light,Lemon Candy • Milk Chocolate • Orange Blossom,38 hours cofermentation with wild gooseberries in air-tight barrels,₹500.00,LINK,No
Quick Brown Fox,Salawara Estate CM Naturals,Salawara Estate,"Hassan, Karnataka",1130,Microlot,"Chandragiri SLN - 13, SLN - 795",Carbonic,Natural,Light,Green Apple • Pear • Warn Spice,72 hours Carbonic Maceration,₹500.00,LINK,No
Quick Brown Fox,Salawara Estate CM Intenso Natural,Salawara Estate,"Hassan, Karnataka",1130,Single Estate,SLN - 795,Carbonic Inoculation,Natural,Light,Green Apple • Mulberry • Tamarind,48 hours Carbonic Maceration with Intenso Yeast,₹500.00,LINK,No
Quick Brown Fox,Ratnagiri Estate Estate Bioreactor Thermal Shock Naturals,Ratnagiri Estate,"Chikkamagaluru, Karnataka",1300,Microlot,SLN - 9,Anaerobic Inoculation Thermal Shock,Natural,Light,Apricot • Plum • Raspberry,Bioreactor with Lab-Inoculated Microbes,₹500.00,LINK,No
Quick Brown Fox,Stanmore Estate Naturals,Stanmore,"Salem, Tamilnadu",1300,Microlot,SLN - 9,,Natural,Light,Honeysuckle • Huckleberry • Lemon Verbana,,₹500.00,LINK,No
Quick Brown Fox,Salawara Estate Yeast Anaerobic Natura;s,Salawara Estate,"Hassan, Karnataka",1130,Microlot,"Kent, SLN - 795",Anaerobic Inoculation,Natural,Medium Dark,Dried Fruit • Chocolate Fudge • Molasses,,₹500.00,LINK,No
Quick Brown Fox,Vontekad Estate,Vontekad Estate,"Chikkamagaluru, Karnataka",1460,Single Estate,SLN - 795,,Washed,Medium Dark,Dried Dates • Clementine • Milk Chocolate,,₹393.00,LINK,No
Quick Brown Fox,Attikan Estate Catimor,BR Hills,"Chamrajanagar, Karnataka",1600,,Catimor Arabica,Anaerobic Inoculation,Washed,Medium Dark,Brown Butter • Figs • Milk Chocolate • Pecan,,₹388.00,LINK,No
Quick Brown Fox,Badnekhan Estate Espresso Roast,Badnekhan Estate,"Chikkamagaluru, Karnataka",1400,Single Estate,Chandragiri SLN - 13,,Washed,Medium Dark,Hazelnut • Milk Chocolate • Toffee,,₹388.00,LINK,No
Quick Brown Fox,Middle Ground Espresso Blend,,,,Blend,"Chandragiri SLN - 13, SLN - 795",,Natural + Washed,,,,₹313.00,LINK,No
Reserved,Ratnagiri Estate Dark Room Honey,Ratnagiri Estate,"Chikkamagaluru, Karnataka",1300,Single Estate,Catuai,Anaerobic Inoculation Thermal Shock,Honey - Dark Room,Light,Jasmine • Musk Melon • Peach • Rambutan,,₹600.00,LINK,No
Reserved,Ratnagiri Estate Thermal Shock Washed,Ratnagiri Estate,"Chikkamagaluru, Karnataka",1300,Single Estate,SLN - 9,Anaerobic Inoculation Thermal Shock,Washed - Dark Room,Light,Blueberry • Honeysuckle • Macademia Nut • Pear,SCA Cup Score:89,₹600.00,LINK,No
Reserved,Ratnagiri Estate Hydro Honey,Ratnagiri Estate,"Chikkamagaluru, Karnataka",1300,Single Estate,SLN - 9,Hydro,Honey,Light,Dried Figs • Passionfruit • Soft Florals • Wildberries,,₹500.00,LINK,No
Reserved,Ratnagiri Estate Culture Naturals,Ratnagiri Estate,"Chikkamagaluru, Karnataka",1300,Single Estate,SLN - 9,Anaerobic Inoculation,Natural,Light,Cardamom • Honeysuckle • Lemon Candy • Mogra • Rose,,₹500.00,LINK,No
Reserved,Aruku Naturals,Dumriguda Collective,"Alluri Sitharama Raju, Andhra Pradesh",1150,Single Estate,SLN - 5B,,Natural,Light,Black Currant • Jasmine • Peach,,₹400.00,LINK,No
Roastery Coffee,Mooleh Manay Estate-Excelsa,Mooley Manay Estate,"Kodagu, Karnataka",1000,Single Estate,Excelsa aka Liberica,,Natural,Medium,Citrus • Dark Berries • Fruity,,₹380.00,LINK,No
Roastery Coffee,Ratnagiri Estate Estate Seraphine,Ratnagiri Estate,"Chikkamagaluru, Karnataka",1300,Single Estate,Catuai,Anaerobic Inoculation,Natural,Medium,Earl Grey • Jasmine • Lemongrass,,₹340.00,LINK,No
Roastery Coffee,Ratnagiri Estate Estate Amara Rose,Ratnagiri Estate,"Chikkamagaluru, Karnataka",1300,Single Estate,SLN - 7,Anaerobic Inoculation,Natural,Medium,Lychee • Orange Blossom • Rose,,₹340.00,LINK,No
Roastery Coffee,Baarbara Estate - Frozen Cherry,Baarbara Estate,"Chikkamagaluru, Karnataka",1400,Single Estate,SLN - 795,Frozen,Natural,Medium,Dates • Mango • Mixed Berries,,₹340.00,LINK,No
Roastery Coffee,Mooleh Manay Estate-SLN 795,Mooley Manay Estate,"Kodagu, Karnataka",1000,Single Estate,SLN - 795,Carbonic,Natural,Light Medium,Brown Sugar • Gren Grapes • Strawberry,,₹300.00,LINK,No
Roastery Coffee,Baarbara Estate - HSD,Baarbara Estate,"Chikkamagaluru, Karnataka",1400,Single Estate,SLN - 795,,Honey,Medium,Cacao • Orange • Sweet Lime,,₹288.00,LINK,No
Roastery Coffee,Baarbara Estate Pineapple,Baarbara Estate,"Chikkamagaluru, Karnataka",1400,Single Estate,SLN - 795,Cofermentation,,Medium,Dried Apricot • Honey • Pineapple,,₹288.00,LINK,No
Roastery Coffee,Monsoon Malabar,,"Chikkamagaluru, Karnataka",1200-1260,,SLN - 795,,Monsooned,Light,Nutty • Spices,,₹260.00,LINK,No
Roastery Coffee,Mandalkhan Estate,Mandalkhan Estate,"Chikkamagaluru, Karnataka",1340-1400,Single Estate,SLN - 795,,Washed,Medium,Caramel • Chocolate • Orange Berry,,₹260.00,LINK,No
Roastery Coffee,Cappucino Blend,,"Chikkamagaluru, Karnataka",1000-1300,Blend,Various,,Honey + Washed + Monsooned,Medium Dark,Cocoa • Jaggery • Milk Chocolate,,₹260.00,LINK,No
Roastery Coffee,Basan Khan Estate,Basankhan Estate,"Chikkamagaluru, Karnataka",1450,Single Estate,SLN - 795,,Washed,Medium,Caramel • Citrus • Gooseberry,,₹252.00,LINK,No
Roastery Coffee,Harley Estate Robusta,Harley Estate,"Hassan, Karnataka",1130,Single Estate,Old Peradeniya Robusta,Anaerobic Inoculation,Natural,Medium,Black Grapes • Mandarin Orange,,₹140.00,LINK,No
Rossette Coffee,Ratnagiri Estate Whiskey Barrel Aged Naturals,Ratnagiri Estate,"Chikkamagaluru, Karnataka",1300,Single Estate,Catuai,Anaerobic,Natural,Medium,Caramel • Cranberry • Plum Cake • Single Malt Whiskey,SCA Cup Score:87+,₹625.00,LINK,No
Rossette Coffee,Harley Whiskey Barrel Aged,Harley Estate,"Hassan, Karnataka",1130,Single Estate,SLN - 9,,Washed + Aged,Medium,Green Apple • Irsih Cream • Stone Fruit • Spice,SCA Cup Score:87+,₹625.00,LINK,No
Rossette Coffee,Harley Rum Aged,Harley Estate,"Hassan, Karnataka",1130,Single Estate,SLN - 9,,Washed + Aged,Medium,Bluebeery • Orange Bitters • Rums & Raisins,SCA Cup Score:87+,₹600.00,LINK,No
Rossette Coffee,Ratnagiri Estate Hydro Honey,Ratnagiri Estate,"Chikkamagaluru, Karnataka",1300,Single Estate,SLN - 9,Hydro,Honey,Light,Peach Fruit • Stone Fruit • Sugarcane,SCA Cup Score:86+,₹450.00,LINK,No
Rossette Coffee,Hardoor Estate,Hadoor,"Kodagu, Karnataka",1050,Single Estate,Chandragiri SLN - 13,,Washed,Medium,Brown Sugar • Floral Honey • Grapes • Raisin,,₹350.00,LINK,No
Rossette Coffee,Equinox,"Chikkamagaluru, Palani Hills","Chikkamagaluru, Karnataka | Salem, Tamilnadu",1650,Blend,Various,,Honey + Natural + Washed,Medium Dark,Chocolate • Dried Fruits • Hazelnut • Maple Syrup,,₹350.00,LINK,No
Rossette Coffee,Basankhan Fermented Washed,Basankhan Estate,"Chikkamagaluru, Karnataka",1450,Single Estate,SLN - 795,,Washed,Medium Dark,Cane Sugar • Cocoa • Prune • Tangerine,,₹350.00,LINK,No
Rossette Coffee,Monsoon Malabar AA,Chikkamagaluru,"Chikkamagaluru, Karnataka",1400,Blend,SLN - 795,,Monsooned,Medium,Baker's Chocolate • Roasted Walnuts,Monsooned for 3 months,₹325.00,LINK,No
Rossette Coffee,Midnight Blues,Chikkamagaluru,"Chikkamagaluru, Karnataka",1400,Blend,Various,,Natural + Washed,Dark,Cacao Nibs • Sweet Spice • Toasted Nuts,,₹300.00,LINK,No
Rossette Coffee,Wave,Chikkamagaluru,"Chikkamagaluru, Karnataka",1400,Blend,Various,,Natural + Washed,Medium Dark,Butter Biscuit • Caramel • Dark Chocolate,,₹300.00,LINK,No
Rossette Coffee,Robusta Kaapi Royale,Sethuraman Estate,"Chikkamagaluru, Karnataka",1000,Single Estate,Robusta CxR,,Washed,Medium Dark,Caramel • Cinnamon • Dark Chocolate • Nut • Tropical Fruits •,Double fermented,₹300.00,LINK,No
Rossette Coffee,Truffle Twilight,"Attikan Estate, Baarbara Estate","Chamrajnagar, Chikkamagaluru, Karnataka",1400,Blend,SLN - 795,,Washed,Medium Dark,Cacao • Caramel • Figs • Fudge Brownie,,₹300.00,LINK,No
Rossette Coffee,Robusta Kaapi Royale (Vienna),Sethuraman Estate,"Chikkamagaluru, Karnataka",1000,Single Estate,Robusta CxR,,Washed,Vienna Roast,Cacao Nibs • Roasted Almonds • Spice • Vanilla,,₹300.00,LINK,No
Rossette Coffee,Vienna Roast,Chikkamagaluru,"Chikkamagaluru, Karnataka",1400,Blend,SLN - 795,,Washed,Vienna Roast,Dark Chocolate,,₹300.00,LINK,No
Savorworks,Godfather,Riverdale Estate,"Salem, Tamilnadu",1450,Single Estate,Brown Tip Panama Geisha,Carbonic,,Light Medium,Dried Figs • Jasmine • Mango • Mulberry Jam • Nectar,"Cultivated at Riverdale Estate, the sun-grown Geisha coffee thrives at 1500 MAS","₹1,080.00",LINK,No
Savorworks,Phenom,Riverdale Estate,"Salem, Tamilnadu",1450,Single Estate,"SLN - 5B, SLN - 9",Cofermentation,Natural,Light Medium,Bergamot • Red Currant • Snake Fruit • Washinton Apple,Cofermented with Italian champagne,₹420.00,LINK,No
Savorworks,Red Globe Grape Maceration Coffee,Riverdale Estate,"Salem, Tamilnadu",1450,Single Estate,SLN - 9,Cofermentation,Natural,Medium,Banana • Gooseberry • Red Cherry • Red Grape,90 Hour cofermentation,₹420.00,LINK,No
Savorworks,Vienna Dark Roast,Riverdale Estate,"Salem, Tamilnadu",1450,Single Estate,Various,,Washed,Dark,Dark Chocolate • Raisin • Roasted Hazelnut,,₹252.00,LINK,No
Savorworks,Boss's Wife - House Blend,"Ratnagiri Estate Estate, Riverdale Estate","Chikkamagaluru, Karnataka | Salem, Tamilnadu",1350-1450,Blend,SLN - 9,Anaerobic,Honey + Washed,Medium,Dark Chocolate • Jaggery • Peach • Roasted Almond,,₹252.00,LINK,No
Savorworks,Riverdale,Riverdale Estate,"Salem, Tamilnadu",1450,Single Estate,SLN - 9,,Washed,Medium Dark,Dark Chocolate • Fig • Nougat • Toffee,,₹252.00,LINK,No
Seven Beans,Maley,,"Chikkamagaluru, Karnataka",1250,Blend,Various,,Monsooned,Medium Dark,Dark Chocolate • Malt,,₹240.00,LINK,No
Seven Beans,Mishta,,"Chikkamagaluru, Karnataka",1250,Blend,Various,,Honey + Washed + Monsooned,Medium,Blueberry • Burnt Caramel,,₹220.00,LINK,No
Seven Beans,100% Arabica,,"Chikkamagaluru, Karnataka",1250,,Arabica,,Washed,Medium,Citrus • Ginger,,₹220.00,LINK,No
Seven Beans,Nava,,"Chikkamagaluru, Karnataka",1250,Blend,Arabica Peaberry + Robusta,,Natural + Washed,Medium Dark,Dark Chocolate • Raisin • Roasted Almond,,₹220.00,LINK,No
Seven Beans,Urja,,"Chikkamagaluru, Karnataka",1250,Blend,Arabica + Robusta,,Honey + Natural + Washed,Medium,Dark Chocolate • Roasted Peanut,,₹190.00,LINK,No
Seven Beans,Eka,,"Chikkamagaluru, Karnataka",1250,Blend,Arabica + Robusta,,Honey + Natural + Washed,Medium Dark,Pepper • Walnuts,,₹180.00,LINK,No
Seven Beans,Woddae,,"Chikkamagaluru, Karnataka",1250,Blend,Arabica + Robusta,,,Medium Dark,,,₹156.00,LINK,No
Seven Beans,Spresso,,"Chikkamagaluru, Karnataka",1250,Blend,Arabica + Robusta,,,Medium Dark,,,₹156.00,LINK,No
Shodh,Summer Shade,PKC Kudiraipanjan Estate,"Salem, Tamilnadu",1400,Single Estate,"Catimor Arabica, SLN - 9",Cofermentation,Natural,Medium,Cocoa Nibs • Ripe Mango • Sugarcane,Sugarcane juice cofermentation,₹395.00,LINK,No
Shodh,Gentle Cups,Thogarihunkal,"Chikkamagaluru, Karnataka",1150,Single Estate,Chandragiri SLN - 13,,Honey,Omni Roast,Almonds • Berries • Dark Chocolate,,₹350.00,LINK,No
Siolim,Excelsa,Mooley Manay Estate,"Kodagu, Karnataka",1000,Single Estate,Excelsa aka Liberica,Anaerobic Inoculation,Natural,Light Medium,Jackfruit • Lychee • Ripe Banana,,₹800.00,LINK,No
Siolim,Whiskey Barrel Aged,Ratnagiri Estate,"Chikkamagaluru, Karnataka",1300,Single Estate,,,Natural + Aged,Medium,Caramel Chocolate • Malt • Mixed Berries,Whiskey Barrel Aged,₹600.00,LINK,No
Siolim,Rum Barrel Aged,Ratnagiri Estate,"Chikkamagaluru, Karnataka",1300,Single Estate,,,Natural + Aged,Medium,Jackfruit • Milk Chocolate • Molasses,Rum Barrel Aged,₹600.00,LINK,No
Siolim,Raxidi Lobo's P1 Natural,Raxidi Lobo Estate,"Hassan, Karnataka",1280,Single Estate,SLN - 5B,Anaerobic Inoculation,Natural,Light Medium,Chocolate • Cloves • Dark Cherry,"The finest coffee cherries were selectively picked, then thoroughly washed and placed in a stainless steel container. A P1 strain, a mix of yeast and bacteria, was then introduced to ferment the cherries in an anaerobic environment for 18 hours. Once fermentation was complete, the cherries were transferred to raised beds for slow drying over 21 days.",₹392.00,LINK,No
Siolim,Raxidi Lobo's W1 Natural,Raxidi Lobo Estate,"Hassan, Karnataka",1280,Single Estate,SLN - 5B,Anaerobic Inoculation,Natural,Light Medium,Black Tea • Goose Berry • Pear,"The finest coffee cherries were selectively picked, thoroughly washed, and placed in a stainless steel container. A W1 strain, a mix of yeast and bacteria, was then introduced to ferment the cherries in an anaerobic environment for 20 hours. Once fermentation was complete, the cherries were transferred to raised beds for slow drying over 21 days.",₹392.00,LINK,No
Siolim,Morjim Blend,Ratnagiri Estate,"Chikkamagaluru, Karnataka",1300,Single Estate,,,Natural + Washed,Medium,Almond • Cherry Fruit • Dark Chocolate,,₹316.00,LINK,No
Siolim,Ratnagiri Estate Estate Washed,Ratnagiri Estate,"Chikkamagaluru, Karnataka",1300,Single Estate,Cauvery,,Washed,Medium,Cherry Fruit • Milk Chocolate • Raisin,,₹316.00,LINK,Yes
Siolim,Anjuna Blend,,,1350,Blend,,,Honey + Natural + Washed,Medium Dark,Dark Chocolate • Pear • Raisins,,₹316.00,LINK,Yes
Siolim,Aarambol Blend,,,1350,,,,Natural + Washed,Medium Dark,Berries • Brown Sugar • Cocoa,,₹316.00,LINK,No
Siolim,Candolim Blend,,,1350,Blend,,,Washed,Medium Dark,Maple • Nut • Sweet Spice,,₹316.00,LINK,No
Sip Magic,Mysore Nuggets Bold,,"Chikkamagaluru, Karnataka",,,Arabica,,,Medium Dark,Citrus • Chocolate,,₹160.00,LINK,Yes
Sip Magic,Monsoon Melody,,"Chikkamagaluru, Karnataka",,,,,Monsooned,Medium,Biscoff • Caramel • Toffee • White Chocolate,,₹148.00,LINK,Yes
Sip Magic,Sunshine Sweetness,,"Chikkamagaluru, Karnataka",,,Arabica,,,Medium Dark,Prune • Raisin • Toasted Sweet Pecans,,₹148.00,LINK,Yes
Sip Magic,Rockstar Roast,,"Chikkamagaluru, Karnataka",,Blend,80% Arabica + 20% Robusta,,,Medium Dark,Chocolate • Fruit,,₹140.00,LINK,Yes
Sip Magic,Arabian Sunset,,"Chikkamagaluru, Karnataka",,Blend,70% Arabica + 30% Robusta,,,Medium Dark,Prunes • Raisins • Roasted Almonds,,₹132.00,LINK,Yes
Sip Magic,Mountain Crest,,"Chikkamagaluru, Kodagu, Karnataka",,Blend,80% Arabica + 20% Robusta,,,Medium Dark,,,₹132.00,LINK,Yes
Sip Magic,Brekkie Roast,,"Chikkamagaluru, Karnataka",,Blend,60% Arabica + 40% Robusta,,,Medium Dark,Cocoa • Nut • Oak,,₹128.00,LINK,Yes
Sip Magic,Robusta Kaapi Royale,,"Chikkamagaluru, Kodagu, Karnataka",,Blend,Robusta,,,Medium,,,₹120.00,LINK,Yes
Sip Magic,Forest Flush,,"Chikkamagaluru, Kodagu, Karnataka",,Blend,20% Arabica + 80% Robusta,,,Medium Dark,Almonds • Fruit Bitters • Almonds,,₹120.00,LINK,Yes
Sip Magic,Crema Instensa,,"Chikkamagaluru, Kodagu, Karnataka",,Blend,50% Arabica + 50% Robusta,,,Medium Dark,Dark Cocoa • Dried Fruits • Peaty Oak,,₹120.00,LINK,Yes
Subko,Agave Barrel Aged Washed,Gandha,"Alluri Sitharama Raju, Andhra Pradesh",1200,Microlot,SLN - 9,,Washed + Aged,Medium,Jaggery • Melon • Peach Sorbet,"After fermentation the cheeries were pulped by handwashing, post processing the beans were aged in Pistola agave barrels for 77 days",₹520.00,LINK,No
Subko,Project 360,Badra Estate,"Chikkamagaluru, Karnataka",795-1050,Blend,SLN - 795,,Honey,Light,Blackberry • Nutmeg • Blackberry,"Blend of beans from different altitudes within Badra estates, fermented for 60 hours, black honey drying is done",₹398.00,LINK,No
Subko,Project Pearl,Ratnagiri Estate,"Chikkamagaluru, Karnataka",1356,Blend - Microlot,"Catuai, Hemavathi",Carbonic,Natural,Light,Dragon Fruit • Marigold • Peach Tea,"Catuai - Carbonic fermentation for 72 hours, 29 days drying, 
 Hemavathi - Carbonic fermentation for 60 hours, 28 days drying,",₹398.00,Link,Yes
Subko,Project Salawara Bros,Salawara Estate,"Hassan, Karnataka",1130,Microlot,Robusta CxR,Anaerobic,Natural,Medium Dark,Dark Cocoa • Dried Apricot • Caramel,Carbonic fermentation for 96 hours,₹398.00,LINK,No
Subko,VLGE,Paderu,"Alluri Sitharama Raju, Andhra Pradesh",935,Microlot,SLN - 9,,Washed,Medium,Brown Sugar • Honey • Walnuts,Subko has created a village cooperative to farm this coffee,₹358.00,Link,Yes
The Caffeine Baar,Whiskey Barrel Aged,Baarbara Estate,"Chikkamagaluru, Karnataka",1400,Single Estate,SLN - 795,,Washed,,Cacao Nibs • Oak • Pecan,Washed green beans are aged for 120 days in authentic whiskey barrels,₹360.00,LINK,Yes
The Caffeine Baar,Frozen Cherry,Baarbara Estate,"Chikkamagaluru, Karnataka",1400,Single Estate,SLN - 795,Frozen,Natural,,Mango • Mixed Berries,Whole cherries are fermented and put in a freezer in bags so the sugars accumulate. Further removed and slow dried on raised beds.,₹320.00,LINK,Yes
The Caffeine Baar,Intenso Fermentation,Baarbara Estate,"Chikkamagaluru, Karnataka",1400,Nanolot,SLN - 795,Anaerobic Inoculation,,,Candied Fruit • Cherry • Pomogranate • Prune,,₹320.00,LINK,Yes
The Caffeine Baar,Pineapple Fermentation,Baarbara Estate,"Chikkamagaluru, Karnataka",1400,Single Estate,SLN - 795,Cofermentation,Washed,,Caramel • Toasted Nuts,Pulped coffee is fermented with fresh pineapple,₹300.00,LINK,Yes
The Caffeine Baar,Honey Sun Dried,Baarbara Estate,"Chikkamagaluru, Karnataka",1400,Single Estate,SLN - 795,,Honey,,Cherry • Orange Rind,,₹280.00,LINK,Yes
The Caffeine Baar,Naturals,Baarbara Estate,"Chikkamagaluru, Karnataka",1400,Single Estate,SLN - 795,,Natural,,Coconut Chips • Mango,,₹280.00,LINK,Yes
The Caffeine Baar,72 Hour Fermented Washed,Baarbara Estate,"Chikkamagaluru, Karnataka",1400,Single Estate,SLN - 795,,Washed,,Cacao Nibs • Roasted Nuts,Wet-processed coffee is fermented in stainless steel tanks for 72 hours,₹260.00,LINK,Yes
The Caffeine Baar,Mix Fruit Fermentation,Baarbara Estate,"Chikkamagaluru, Karnataka",1400,Nanolot,SLN - 795,Cofermentation,Washed,,Honey • Pineapple • Sweet Lime • Tangerine,"Cherries are washed in natural spring water and fermented alongside pineapple, papaya, and watermelon in stainless steel tanks. The process is closely monitored for pH and temperature to ensure consistency, with a 1:2 coffee-to-fruit ratio enhancing complexity",,LINK,Yes
Tulum,Pulneys,Laks Farms,"Dindigul, Tamilnadu",1500,Single Estate,Arabica,,Honey,Dark,Brown Sugar • Cacao Nibs • Dark Chocolate,,₹274.00,LINK,Yes
Tulum,The Saigon Blend,,,,Blend,Arabica,,,Dark,Cacao • Caramel • Toasted Nuts,"Inspired by the rich culture, traditions, and flavours of Vietnam, The Saigon Blend is a tribute to the vibrant coffee heritage of this Southeast Asian gem. Crafted from premium Indian Arabica beans, this dark roast is meticulously balanced to offer a harmonious experience of bitterness, sweetness, and acidity.",₹274.00,LINK,Yes
Tulum,The Sol Blend,,"Chikkamagaluru, Karnataka",,Blend,Arabica,,Honey + Washed + Burundi Washed,Light Medium,Citrus • Coconut Water,,₹274.00,LINK,Yes
Tulum,The Lumen Blend,,,,Blend,Arabica,,,Light Medium,Berries • Fruity • Orange,,₹274.00,LINK,Yes
Tulum,Thogarihunkal Washed,Thogarihunkal,"Chikkamagaluru, Karnataka",1150,Single Estate,Chandragiri SLN - 13,,Washed,Medium,Chocolate • Jaggery • Peanut Chikki,,₹274.00,LINK,Yes
Tulum,The Swell Blend,,"Chikkamagaluru, Karnataka",,Blend,Arabica,,,Medium,Chocolate • Fruity • Nutty,,₹274.00,LINK,Yes
Tulum,Baarbara HSD - Hazelnutty,Baarbara Estate,"Chikkamagaluru, Karnataka",1400,Single Estate,Arabica,,Honey,Medium Dark,Cocoa • Grape • Hazelnut • Orange,,₹274.00,LINK,Yes
Vithai,Lot 5,Sithara Trust,"Salem, Tamilnadu",1400,Microlot,SLN - 795,Anaerobic,Natural,Light,Cola • Floral • Vanilla,,₹450.00,LINK,
Vithai,Lot 4,Sithara Trust,"Salem, Tamilnadu",1400,Microlot,SLN - 795,Anaerobic,Natural,Medium,Caramel • Lemon • Plum,,₹425.00,LINK,
Vithai,Lot 7,Tipperary,"Salem, Tamilnadu",1420,Microlot,San Ramon Arabica,,Washed,Light,Candy • Jasmine • Lemon,,₹400.00,LINK,
Vithai,2026 Mix,Sithara Trust,"Dindigul, Tamilnadu",1200,Microlot,Robusta CxR,,Natural,Medium Dark,Cherry • Chocolate • Clove,,₹400.00,LINK,
Vithai,Lot 8,Sithara Trust,"Dindigul, Tamilnadu",1200,Microlot,Robusta CxR,,Natural,Medium,Berry • Caramel • Prune,,₹350.00,LINK,No
Yagachi,The Waterfall Reserve,Blue Mountain Estate,"Kodagu, Karnataka",1500,Single Estate,Arabica,,Natural + Washed,Dark,Dark Cocoa • Red Apple • Roasted Hazelnut,,₹260.00,LINK,
Yagachi,The Estate Classis,Blue Mountain Estate,"Kodagu, Karnataka",1500,Single Estate,Arabica,,Natural + Washed,Medium,Chocolate • Dates • Raisins,,₹260.00,LINK,
Yagachi,The Golden Hour,Blue Mountain Estate,"Kodagu, Karnataka",1500,Blend,70% Arabica + 30% Robusta,,Natural + Washed,Medium,Cacao Nibs • Gooseberry • Starfruit,,₹240.00,LINK,
Yagachi,The Hustler's Grind,Blue Mountain Estate,"Kodagu, Karnataka",1500,Blend,80% Arabica + 20% Robusta,,Natural + Washed,Medium,Dark Chocolate • Jamun • Roasted Almond,,₹240.00,LINK,